email,password,identification,Nombre líder
dummy3008622@performance.meli.com,StarmeUpQ4+,performance-meli-30070686,GUSTAVO SILVA
dummy3008709@performance.meli.com,StarmeUpQ4+,performance-meli-30063854,AGUSTINA PEREZ
dummy3008883@performance.meli.com,StarmeUpQ4+,performance-meli-30046350,MARINA DE NARDO
dummy3008428@performance.meli.com,StarmeUpQ4+,performance-meli-30092444,AGUSTIN JOSE VECCHIO
dummy3008612@performance.meli.com,StarmeUpQ4+,performance-meli-30021668,ULISES SILVA CANTERO
dummy3008198@performance.meli.com,StarmeUpQ4+,performance-meli-30034484,SANTIAGO LUCAS CARIDE SIRITTO
dummy3008931@performance.meli.com,StarmeUpQ4+,performance-meli-30042372,LUCAS JULIAN FENOGLIO
dummy3008433@performance.meli.com,StarmeUpQ4+,performance-meli-30085078,JORGE ESTEBAN
dummy3008327@performance.meli.com,StarmeUpQ4+,performance-meli-30095465,LAURA XIMENA MARTINEZ
dummy3008848@performance.meli.com,StarmeUpQ4+,performance-meli-30019087,SOFIA VICTORIA PAPAYANNIS
dummy3007513@performance.meli.com,StarmeUpQ4+,performance-meli-30098270,PATRICIO EDUARDO NASIF
dummy3008518@performance.meli.com,StarmeUpQ4+,performance-meli-30079726,JUAN PABLO MAIURI
dummy3008907@performance.meli.com,StarmeUpQ4+,performance-meli-30044039,FADIMA BELL JEIFETZ
dummy3008844@performance.meli.com,StarmeUpQ4+,performance-meli-30048932,JEAN SCHARGORODSKY
dummy3008467@performance.meli.com,StarmeUpQ4+,performance-meli-30084989,JUAN IGNACIO SAN MIGUEL
dummy3008937@performance.meli.com,StarmeUpQ4+,performance-meli-30041723,JUAN FRANCISCO BRAVO
dummy3008178@performance.meli.com,StarmeUpQ4+,performance-meli-30108529,IVANA LORENA JIA AN YU
dummy3005564@performance.meli.com,StarmeUpQ4+,performance-meli-30034007,ANDREZA AZEVEDO MATOS
dummy3007975@performance.meli.com,StarmeUpQ4+,performance-meli-30102124,MANUELA DE CASTILHO MARTINS E CASTRO
dummy3005530@performance.meli.com,StarmeUpQ4+,performance-meli-1454,ALESSANDRO FRANCISCONI
dummy3005558@performance.meli.com,StarmeUpQ4+,performance-meli-30092458,CARLOS LAUTARO LAWRIE
dummy3006612@performance.meli.com,StarmeUpQ4+,performance-meli-30024435,FEDERICO CARLOS LOPEZ BRAMBILLA
dummy3007961@performance.meli.com,StarmeUpQ4+,performance-meli-30049734,JAIME POLVERELLI
dummy3007966@performance.meli.com,StarmeUpQ4+,performance-meli-30077986,PAULA MAGALI GERBAUDO
dummy3008019@performance.meli.com,StarmeUpQ4+,performance-meli-30008024,FRANCISCO JAVIER CAMPEOL
dummy3007959@performance.meli.com,StarmeUpQ4+,performance-meli-2919,GONZALO MANGONI
dummy3008205@performance.meli.com,StarmeUpQ4+,performance-meli-30000330,LUCAS SAJON
dummy3009005@performance.meli.com,StarmeUpQ4+,performance-meli-30033784,ANA CAROLINA QUINTEROS SARALEGUI
dummy3008419@performance.meli.com,StarmeUpQ4+,performance-meli-70859,FEDERICO MURCIA LEVY
dummy3007987@performance.meli.com,StarmeUpQ4+,performance-meli-30018478,TOMAS ALBERTO GIL
dummy3008686@performance.meli.com,StarmeUpQ4+,performance-meli-30063888,JONATAN RUBEN MARENCO
dummy3005036@performance.meli.com,StarmeUpQ4+,performance-meli-30055585,CAMILA SOL TARZIAN
dummy3007949@performance.meli.com,StarmeUpQ4+,performance-meli-30027752,MAXIMILIANO ADRIAN PONTAROLO
dummy3008626@performance.meli.com,StarmeUpQ4+,performance-meli-30069334,GUIDO ARIEL GAISLER
dummy3007756@performance.meli.com,StarmeUpQ4+,performance-meli-12041,WESLEY SANTOS MIRANDA
dummy3008941@performance.meli.com,StarmeUpQ4+,performance-meli-30040772,PABLO THOMAS OSCOS
dummy3009142@performance.meli.com,StarmeUpQ4+,performance-meli-30011784,ALEJANDRO DIAS F. F. GONCALVES
dummy3008783@performance.meli.com,StarmeUpQ4+,performance-meli-30056946,MAGDALENA UELLENDAHL LOPES
dummy3008173@performance.meli.com,StarmeUpQ4+,performance-meli-30106137,CAROLINA DENISE GALLI
dummy3005151@performance.meli.com,StarmeUpQ4+,performance-meli-30024610,EZEQUIEL MORALES
dummy3008800@performance.meli.com,StarmeUpQ4+,performance-meli-30051412,NICOLAS CAMPOS FAZZIO
dummy3008070@performance.meli.com,StarmeUpQ4+,performance-meli-2794,CANDELA ROCIO ALBANESE
dummy3009153@performance.meli.com,StarmeUpQ4+,performance-meli-30010083,LUCIA NOTARO
dummy3007734@performance.meli.com,StarmeUpQ4+,performance-meli-30051268,ANDRES JULIEN
dummy3005527@performance.meli.com,StarmeUpQ4+,performance-meli-30046868,EMILIO BRAGA YOKOYAMA
dummy3008765@performance.meli.com,StarmeUpQ4+,performance-meli-30022561,MARIA EUGENIA QUADRINI
dummy3008706@performance.meli.com,StarmeUpQ4+,performance-meli-30065963,JAIME ROBERTO VIEJO
dummy3007740@performance.meli.com,StarmeUpQ4+,performance-meli-30016693,LUIZ GOMEZ GALAR
dummy3008003@performance.meli.com,StarmeUpQ4+,performance-meli-30017580,JOAQUIN ONAGOITY
dummy3009188@performance.meli.com,StarmeUpQ4+,performance-meli-30001930,MATIAS JARABROVISKI
dummy3008814@performance.meli.com,StarmeUpQ4+,performance-meli-30001967,MALENA VICTORIA CASTRO PLATA
dummy3009144@performance.meli.com,StarmeUpQ4+,performance-meli-30011322,LEANDRO OMAR ICAZURIAGA
dummy3005220@performance.meli.com,StarmeUpQ4+,performance-meli-30020131,MARCELO IVAN BUSTAMANTE GOMEZ
dummy3008610@performance.meli.com,StarmeUpQ4+,performance-meli-30005613,IGNACIO RIBEIRO DE SOUZA
dummy3007468@performance.meli.com,StarmeUpQ4+,performance-meli-30007366,FERMIN LAMBRUSCHINI
dummy3006616@performance.meli.com,StarmeUpQ4+,performance-meli-30048252,ADRIANA BRUGO
dummy3007973@performance.meli.com,StarmeUpQ4+,performance-meli-30072199,SANTIAGO MANUEL TROCCOLI
dummy3005555@performance.meli.com,StarmeUpQ4+,performance-meli-30036600,RENAN COLLI
dummy3005598@performance.meli.com,StarmeUpQ4+,performance-meli-30058404,GASTON NICOLAS FELGUERAS
dummy3008364@performance.meli.com,StarmeUpQ4+,performance-meli-30090716,PEDRO LEANDRO ROSSI
dummy3009006@performance.meli.com,StarmeUpQ4+,performance-meli-30034882,NATALI LOURDES ALEGRE
dummy3005009@performance.meli.com,StarmeUpQ4+,performance-meli-30059293,CAMILA NAOMI ABALSAMO
dummy3009192@performance.meli.com,StarmeUpQ4+,performance-meli-3150,JEREMIAS ZARATE
dummy3007616@performance.meli.com,StarmeUpQ4+,performance-meli-30076907,ARIEL HORNSTEIN
dummy3007945@performance.meli.com,StarmeUpQ4+,performance-meli-30023510,ALAN AUGUSTO LENHARO NISHIDATE
dummy3008470@performance.meli.com,StarmeUpQ4+,performance-meli-30052067,VERONICA CASTRO LEÓN
dummy3008704@performance.meli.com,StarmeUpQ4+,performance-meli-30063286,FERNANDA ILLANES
dummy3008818@performance.meli.com,StarmeUpQ4+,performance-meli-30007304,DIEGO KOODI MITAMI
dummy3007253@performance.meli.com,StarmeUpQ4+,performance-meli-30036676,FLORENCIA VINCI
dummy3007256@performance.meli.com,StarmeUpQ4+,performance-meli-30083398,FEDERICO ARIEL MACCHI
dummy3008008@performance.meli.com,StarmeUpQ4+,performance-meli-30100665,FERNANDO TAPIA
dummy3006341@performance.meli.com,StarmeUpQ4+,performance-meli-30059172,MATHEUS MARES DE SOUSA
dummy3007234@performance.meli.com,StarmeUpQ4+,performance-meli-30002392,FABIANO SILVA DE FREITAS
dummy3008687@performance.meli.com,StarmeUpQ4+,performance-meli-30063166,MARINA MARTINS DOS SANTOS
dummy3008424@performance.meli.com,StarmeUpQ4+,performance-meli-30091679,CINTIA DENISE FIRPO
dummy3009196@performance.meli.com,StarmeUpQ4+,performance-meli-3332,GUSTAVO ESTEBAN ARIAS
dummy3007149@performance.meli.com,StarmeUpQ4+,performance-meli-30048477,MAURO ALEJANDRO ALONSO SOBREIRA
dummy3007661@performance.meli.com,StarmeUpQ4+,performance-meli-2168,FACUNDO IVAN DIMA RUGGIANO
dummy3006578@performance.meli.com,StarmeUpQ4+,performance-meli-30035852,BERNARDO GRAND
dummy3009084@performance.meli.com,StarmeUpQ4+,performance-meli-30022421,FLORENCIA ALCARAZ
dummy3006318@performance.meli.com,StarmeUpQ4+,performance-meli-30095691,FERNANDA AZEVEDO REBELO
dummy3008698@performance.meli.com,StarmeUpQ4+,performance-meli-30063890,AGUSTIN MATIAS CRESPO
dummy3008309@performance.meli.com,StarmeUpQ4+,performance-meli-30096727,JULIAN LIMA
dummy3007411@performance.meli.com,StarmeUpQ4+,performance-meli-30013093,MARIANA ANAVI
dummy3007737@performance.meli.com,StarmeUpQ4+,performance-meli-30090693,CAMILA IRINA TORRES DE SOUSA
dummy3007995@performance.meli.com,StarmeUpQ4+,performance-meli-30000548,ROCIO SALOME MARTIN GRONDONA
dummy3006520@performance.meli.com,StarmeUpQ4+,performance-meli-30071562,FRANCISCO ROSEMIRO SOUSA DE PAULA
dummy3009046@performance.meli.com,StarmeUpQ4+,performance-meli-30028837,FELIPE DE OLIVEIRA SILVA
dummy3009099@performance.meli.com,StarmeUpQ4+,performance-meli-30020052,PAMELA SOUZA DAMASCENA
dummy3009193@performance.meli.com,StarmeUpQ4+,performance-meli-30000755,EDGARDO MARTIN PARRAGA GUARDIANO
dummy3008909@performance.meli.com,StarmeUpQ4+,performance-meli-30043231,JERÓNIMO TOLEDO
dummy3007745@performance.meli.com,StarmeUpQ4+,performance-meli-30051464,MACARENA BELEN GEIER
dummy3007940@performance.meli.com,StarmeUpQ4+,performance-meli-30015809,KEVIN RIZZI
dummy3005261@performance.meli.com,StarmeUpQ4+,performance-meli-30006390,SERGIO AGUSTIN VALENZUELA GOYCOOLEA
dummy3008646@performance.meli.com,StarmeUpQ4+,performance-meli-30010226,ANELISA WALBER
dummy3008588@performance.meli.com,StarmeUpQ4+,performance-meli-2820,CECILIA RASCH
dummy3006643@performance.meli.com,StarmeUpQ4+,performance-meli-30102571,THAMIRES BARBEIRO CASTELO
dummy3007650@performance.meli.com,StarmeUpQ4+,performance-meli-30024596,BARBARA PESSAGNO
dummy3007820@performance.meli.com,StarmeUpQ4+,performance-meli-30061287,ANDREA ISABEL DACUNDA DIAZ
dummy3005047@performance.meli.com,StarmeUpQ4+,performance-meli-30002679,JUAN MANUEL BARBEI
dummy3009055@performance.meli.com,StarmeUpQ4+,performance-meli-30025151,FRANCIS ALESSANDRINI IUORNO
dummy3009176@performance.meli.com,StarmeUpQ4+,performance-meli-30003384,ROMINA MARIANA FRASSO
dummy3009132@performance.meli.com,StarmeUpQ4+,performance-meli-30013630,MATIAS DANIEL ROMEU TREVIZANI
dummy3008228@performance.meli.com,StarmeUpQ4+,performance-meli-30104927,IAN FRANCO DEMARCO
dummy3009071@performance.meli.com,StarmeUpQ4+,performance-meli-30025150,FERNANDO LOBOS
dummy3008041@performance.meli.com,StarmeUpQ4+,performance-meli-30039730,ALEJANDRO LUIS PALOMINO
dummy3008083@performance.meli.com,StarmeUpQ4+,performance-meli-30008094,MARTIN DE JESUS PONTE
dummy3008908@performance.meli.com,StarmeUpQ4+,performance-meli-30014704,CONSUELO ZAMELSON
dummy3007917@performance.meli.com,StarmeUpQ4+,performance-meli-30035894,JIMENA BELEN ARIAS
dummy3005354@performance.meli.com,StarmeUpQ4+,performance-meli-30067509,MARIANELA ELSA VILLAGRA PEREZ
dummy3005179@performance.meli.com,StarmeUpQ4+,performance-meli-30024188,PEDRO HERMENEGILDO VON WUTHENAU
dummy3008517@performance.meli.com,StarmeUpQ4+,performance-meli-30077361,LEONEL NICOLAS FELISBERTO DOS REIS
dummy3006471@performance.meli.com,StarmeUpQ4+,performance-meli-30086913,LISANGELA GEMIGNANI VACCARO
dummy3009148@performance.meli.com,StarmeUpQ4+,performance-meli-30010694,GISELLE MARTINEZ
dummy3008958@performance.meli.com,StarmeUpQ4+,performance-meli-30039099,VALENTINA BEATRIZ CASAS
dummy3005019@performance.meli.com,StarmeUpQ4+,performance-meli-30106830,FLORENCIA TERRE
dummy3008740@performance.meli.com,StarmeUpQ4+,performance-meli-10337,ELIAN FEDERICO GALLEGO
dummy3006634@performance.meli.com,StarmeUpQ4+,performance-meli-30057628,GUSTAVO MAZALI ROMEO
dummy3005068@performance.meli.com,StarmeUpQ4+,performance-meli-30062977,MATIAS MARIANO AGUIRRE
dummy3005547@performance.meli.com,StarmeUpQ4+,performance-meli-30075458,SERGIO LUCIANO SANZ
dummy3007382@performance.meli.com,StarmeUpQ4+,performance-meli-30027706,ISABELLA MARIA BRAYLAN
dummy3007817@performance.meli.com,StarmeUpQ4+,performance-meli-30023538,MARTIN LUIS FABER
dummy3007715@performance.meli.com,StarmeUpQ4+,performance-meli-30056441,FRANCO LUCAS LONGINOTTI
dummy3007577@performance.meli.com,StarmeUpQ4+,performance-meli-30067243,MOHAMED JUAN LIMA BOAVENTURA
dummy3007793@performance.meli.com,StarmeUpQ4+,performance-meli-30018819,MARTIN ROLDAN
dummy3007703@performance.meli.com,StarmeUpQ4+,performance-meli-30060397,SIJING MARROCOS
dummy3005358@performance.meli.com,StarmeUpQ4+,performance-meli-30041259,JUAN CUENCA
dummy3007591@performance.meli.com,StarmeUpQ4+,performance-meli-30021046,HERNAN ARIEL MATSUMOTO TOMINAGA
dummy3008577@performance.meli.com,StarmeUpQ4+,performance-meli-30037627,LISANDRO MIGUEL VILLAR LOZANO
dummy3007427@performance.meli.com,StarmeUpQ4+,performance-meli-30037972,ANA MARIA GABRIELE BENVEGNU DE SOUZA
dummy3008893@performance.meli.com,StarmeUpQ4+,performance-meli-30045734,DAIANA GISELLE SUAREZ ARENAS
dummy3005584@performance.meli.com,StarmeUpQ4+,performance-meli-2814,CAROLINA MABEL KOCAN
dummy3008385@performance.meli.com,StarmeUpQ4+,performance-meli-30088586,MARIA DEL PILAR VEDOVATTI
#N/A,StarmeUpQ4+,#N/A,#N/A
dummy3006474@performance.meli.com,StarmeUpQ4+,performance-meli-30036882,IVAN SOARES BARBOSA GONCALVES
dummy3007449@performance.meli.com,StarmeUpQ4+,performance-meli-30019931,PABLO MARTIN RODRIGUES SILVA
dummy3007769@performance.meli.com,StarmeUpQ4+,performance-meli-30024369,NELSON UEMURA
dummy3008056@performance.meli.com,StarmeUpQ4+,performance-meli-30089108,DELFINA ARAUJO VIEIRA DOS SANTOS
dummy3006552@performance.meli.com,StarmeUpQ4+,performance-meli-30047167,MATHEUS JULIO GARCIA GUEVARA
dummy3007784@performance.meli.com,StarmeUpQ4+,performance-meli-30033302,PAULA CRISTINA LOPES
dummy3008031@performance.meli.com,StarmeUpQ4+,performance-meli-30006126,MAURO ALENCAR DA SILVA
dummy3007761@performance.meli.com,StarmeUpQ4+,performance-meli-30095638,GLEICEANE DA SILVA ROMERO
dummy3008253@performance.meli.com,StarmeUpQ4+,performance-meli-30103033,MARIA CELESTE GOMEZ
dummy3005396@performance.meli.com,StarmeUpQ4+,performance-meli-30036513,TOMAS MANUEL MARTINEZ BENAVIDES
dummy3005392@performance.meli.com,StarmeUpQ4+,performance-meli-30103473,PAOLA ANDREA AVELLA ANGEL
dummy3005099@performance.meli.com,StarmeUpQ4+,performance-meli-30054017,MARIA GABRIELA DUER
dummy3006517@performance.meli.com,StarmeUpQ4+,performance-meli-30079667,CAROLINA DA ROCHA ARAUJO
dummy3007535@performance.meli.com,StarmeUpQ4+,performance-meli-30074226,GASTON ROMA FAGUNDES COSTA
dummy3007454@performance.meli.com,StarmeUpQ4+,performance-meli-30017256,RENATA LUIZA POMES
dummy3005575@performance.meli.com,StarmeUpQ4+,performance-meli-30104152,IGNACIO CAMPOS
dummy3005588@performance.meli.com,StarmeUpQ4+,performance-meli-30043387,TOMAS IGNACIO TUCHINSKY
dummy3007858@performance.meli.com,StarmeUpQ4+,performance-meli-30068306,SANTIAGO FORRESTER
dummy3005371@performance.meli.com,StarmeUpQ4+,performance-meli-30034813,CAROLINA BEATRIZ ISLA JAUREGUI
dummy3005153@performance.meli.com,StarmeUpQ4+,performance-meli-30004278,VALENTINA LOYARTE
dummy3005628@performance.meli.com,StarmeUpQ4+,performance-meli-30111204,LUANA ISABEL VASCONCELLOS GOMES
dummy3007805@performance.meli.com,StarmeUpQ4+,performance-meli-30035248,NATALIA MARCON NERY
dummy3009163@performance.meli.com,StarmeUpQ4+,performance-meli-30007478,FRANCISCO OLIVEIRA FACCHINI
dummy3005204@performance.meli.com,StarmeUpQ4+,performance-meli-30054018,FELIPE IGNACIO KISHINEVSKY PAZ
dummy3005201@performance.meli.com,StarmeUpQ4+,performance-meli-30111299,VANESA RODRIGUEZ ALPACA
dummy3007673@performance.meli.com,StarmeUpQ4+,performance-meli-30048618,IGNACIO ANDRES COGORNO
dummy3007984@performance.meli.com,StarmeUpQ4+,performance-meli-30057125,FLORENCIA GIACOMELLI MORALES FERNANDES
dummy3005125@performance.meli.com,StarmeUpQ4+,performance-meli-30024625,MARTINA ASPERA
dummy3008185@performance.meli.com,StarmeUpQ4+,performance-meli-30108118,IVAN DANTAS SANTOS
dummy3008231@performance.meli.com,StarmeUpQ4+,performance-meli-30105852,LAIS GAUNA
dummy3005163@performance.meli.com,StarmeUpQ4+,performance-meli-30018671,JULIAN MATIAS LEMBEYE
dummy3009017@performance.meli.com,StarmeUpQ4+,performance-meli-30027327,ANA IFRAN
dummy3007386@performance.meli.com,StarmeUpQ4+,performance-meli-30047071,DIEGO GALPERIN
dummy3006368@performance.meli.com,StarmeUpQ4+,performance-meli-30021795,NICHOLAS BARRETO TAVARES
dummy3006308@performance.meli.com,StarmeUpQ4+,performance-meli-30007974,IANO MARTINS DE ARAUJO
dummy3006162@performance.meli.com,StarmeUpQ4+,performance-meli-30098137,KAROLINA NUNES ROCHA
dummy3006593@performance.meli.com,StarmeUpQ4+,performance-meli-30089973,FEDERICO FAINSOD
dummy3007376@performance.meli.com,StarmeUpQ4+,performance-meli-30059141,JESSICA FABIOLA ESQUER
dummy3008469@performance.meli.com,StarmeUpQ4+,performance-meli-30043238,ALVARO IGNACIO AVELLANEDA NOFAL
dummy3005086@performance.meli.com,StarmeUpQ4+,performance-meli-30066078,MACARENA MARIA ABELLA RODRIGUEZ
dummy3005565@performance.meli.com,StarmeUpQ4+,performance-meli-30099502,RODRIGO SLAVKIN
dummy3005604@performance.meli.com,StarmeUpQ4+,performance-meli-30037334,FRANCO MARTINO
dummy3007631@performance.meli.com,StarmeUpQ4+,performance-meli-30042530,ANA SASSO
dummy3007847@performance.meli.com,StarmeUpQ4+,performance-meli-30039565,GUILHERME CERQUEIRA
dummy3009139@performance.meli.com,StarmeUpQ4+,performance-meli-30011891,LAZARO SIQUEIRA DOURADO
dummy3007641@performance.meli.com,StarmeUpQ4+,performance-meli-3092,ANTONELLA LAVEGA
dummy3007400@performance.meli.com,StarmeUpQ4+,performance-meli-30091578,MARCOS GASTON DE SANTIS BO
dummy3009096@performance.meli.com,StarmeUpQ4+,performance-meli-30021303,MACARENA RODRIGUEZ PIRANI
dummy3006914@performance.meli.com,StarmeUpQ4+,performance-meli-30099111,JESSICA ANANIAS TORRES
dummy3007556@performance.meli.com,StarmeUpQ4+,performance-meli-30074458,LUIZ MIRANDA DE SOUZA
dummy3006529@performance.meli.com,StarmeUpQ4+,performance-meli-30041963,CINTHIA DE CASTRO CONTINENTINO
dummy3006596@performance.meli.com,StarmeUpQ4+,performance-meli-30066903,MARTIN LEANDRO BOQUEN
dummy3005055@performance.meli.com,StarmeUpQ4+,performance-meli-30087590,CARMELA SEGURA
dummy3009137@performance.meli.com,StarmeUpQ4+,performance-meli-30012208,GUILLERMO ANDRES KOMEL
dummy3008865@performance.meli.com,StarmeUpQ4+,performance-meli-30044324,LUCIA VERONICA FERNANDEZ
dummy3005613@performance.meli.com,StarmeUpQ4+,performance-meli-30013197,EMILIO FRANCISCO RODRIGUES GARCEZ
dummy3008681@performance.meli.com,StarmeUpQ4+,performance-meli-30046359,SANTIAGO GASTON NEME VEGA
dummy3008809@performance.meli.com,StarmeUpQ4+,performance-meli-30050715,MARTIN LEONARDO SICA
dummy3008923@performance.meli.com,StarmeUpQ4+,performance-meli-30041138,JOAO FELIPE DOMINGOS DE OLIVEIRA
dummy3008255@performance.meli.com,StarmeUpQ4+,performance-meli-30064279,MARIA CATALINA ROLDAN
dummy3008623@performance.meli.com,StarmeUpQ4+,performance-meli-30070755,CAROLINE BAZZANI MANINI
dummy3005024@performance.meli.com,StarmeUpQ4+,performance-meli-30066332,ANDREAS MAXIMILIANO TAUBER DE FREITAS
dummy3007990@performance.meli.com,StarmeUpQ4+,performance-meli-30083013,SARA UGARTE
dummy3008816@performance.meli.com,StarmeUpQ4+,performance-meli-30036127,GASTON DE SAN MARTIN
dummy3008759@performance.meli.com,StarmeUpQ4+,performance-meli-30059439,NICOLAS PATERNOSTRO
dummy3008781@performance.meli.com,StarmeUpQ4+,performance-meli-30009120,ANDRES DE SOUSA ALVES
dummy3007800@performance.meli.com,StarmeUpQ4+,performance-meli-30016168,ANA PAULA CESAR CARDAMONE
dummy3005083@performance.meli.com,StarmeUpQ4+,performance-meli-30004788,MAURO FEDERICO PAZ
dummy3008829@performance.meli.com,StarmeUpQ4+,performance-meli-30049646,ALEJANDRO LEDER
dummy3008406@performance.meli.com,StarmeUpQ4+,performance-meli-30021301,CAIO FERNANDES ROSA LOPES
dummy3008946@performance.meli.com,StarmeUpQ4+,performance-meli-30040627,STEPHANI VALENTINA FERNANDES MIRANDA DA SILVA
dummy3008659@performance.meli.com,StarmeUpQ4+,performance-meli-30067490,TOMAS GONZALEZ
dummy3008381@performance.meli.com,StarmeUpQ4+,performance-meli-30007676,ANDRES MUSACHE
dummy3009098@performance.meli.com,StarmeUpQ4+,performance-meli-30020276,CRISTAL MAUREEN ARANGO
dummy3008315@performance.meli.com,StarmeUpQ4+,performance-meli-30096624,MARIA FLORENCIA CARMONA
dummy3007531@performance.meli.com,StarmeUpQ4+,performance-meli-30004668,RODRIGO ROSEMBERG
dummy3006503@performance.meli.com,StarmeUpQ4+,performance-meli-30069989,CARINA ROCHA SCARPIN
dummy3006511@performance.meli.com,StarmeUpQ4+,performance-meli-30018175,ADRIANA RODRIGUES DE SOUSA
dummy3006528@performance.meli.com,StarmeUpQ4+,performance-meli-30025411,LUIZ CORDEIRO LIPKIN PECANHA ROSA
dummy3007433@performance.meli.com,StarmeUpQ4+,performance-meli-30002953,JUAN PEDRO MEDAGLIA
dummy3007511@performance.meli.com,StarmeUpQ4+,performance-meli-30047373,ADRIANO LEVI RODRIGUES DA SILVA
dummy3007245@performance.meli.com,StarmeUpQ4+,performance-meli-30074427,CATALINA BORRAJO
dummy3006464@performance.meli.com,StarmeUpQ4+,performance-meli-30019847,JOICY DE GIORGIO
dummy3008436@performance.meli.com,StarmeUpQ4+,performance-meli-30088607,GONZALO JULIAN ALVES COPPOLA
dummy3009112@performance.meli.com,StarmeUpQ4+,performance-meli-30019098,MARIA DEL CORAZON DE JESUS PEREZ
dummy3008847@performance.meli.com,StarmeUpQ4+,performance-meli-30049772,LUCIANA ALVAREZ MARTINEZ
dummy3008703@performance.meli.com,StarmeUpQ4+,performance-meli-30010164,BRUNO JERONIMO JIMENEZ
dummy3008006@performance.meli.com,StarmeUpQ4+,performance-meli-30090694,CANDELA MARGOT FINARDI
dummy3008016@performance.meli.com,StarmeUpQ4+,performance-meli-30016317,RICARDO MORALES
dummy3008645@performance.meli.com,StarmeUpQ4+,performance-meli-11663,TOMAS GOLDIN
dummy3008515@performance.meli.com,StarmeUpQ4+,performance-meli-30043320,JUAN SEBASTIAN FORTUNATO
dummy3005343@performance.meli.com,StarmeUpQ4+,performance-meli-80140,SEBASTIAN TAGLE ASPILLAGA
dummy3008657@performance.meli.com,StarmeUpQ4+,performance-meli-30067576,FLAVIA ELIZA DE ANCHORENA
dummy3008648@performance.meli.com,StarmeUpQ4+,performance-meli-30066212,JULIA BOUCHET
dummy3008843@performance.meli.com,StarmeUpQ4+,performance-meli-30049050,FEDERICO LINGERI
dummy3009093@performance.meli.com,StarmeUpQ4+,performance-meli-30022244,LUCIANA CASTAÑEDA BURGOS
dummy3008962@performance.meli.com,StarmeUpQ4+,performance-meli-30014705,NICOLAS CAPPARELLI
dummy3005216@performance.meli.com,StarmeUpQ4+,performance-meli-30051603,JOSEFINA DE ARRIZABALAGA HERNANDEZ
dummy3005376@performance.meli.com,StarmeUpQ4+,performance-meli-30002557,ANDRE GANOZA LÓPEZ
dummy3006603@performance.meli.com,StarmeUpQ4+,performance-meli-30021957,SANTIAGO TOJO
dummy3005620@performance.meli.com,StarmeUpQ4+,performance-meli-30053033,FELICITAS JOSEFINA BENAVENTE PALACIOS
dummy3005122@performance.meli.com,StarmeUpQ4+,performance-meli-30068794,DELFINA DANDREA VILLARREAL
dummy3007731@performance.meli.com,StarmeUpQ4+,performance-meli-30088551,AXEL LEONEL MERALDI
dummy3005409@performance.meli.com,StarmeUpQ4+,performance-meli-30066246,DANIEL ALFREDO HERNANDEZ
dummy3006618@performance.meli.com,StarmeUpQ4+,performance-meli-30046573,MARIA SOL RADA
dummy3007758@performance.meli.com,StarmeUpQ4+,performance-meli-30023192,FEDERICO DA SILVA
dummy3005538@performance.meli.com,StarmeUpQ4+,performance-meli-30007561,MAGDALENA MAIER
dummy3009085@performance.meli.com,StarmeUpQ4+,performance-meli-30022515,MARTIN APPESSECHE
dummy3008966@performance.meli.com,StarmeUpQ4+,performance-meli-30039128,PAULA SOFIA SOTO NUNES
dummy3006499@performance.meli.com,StarmeUpQ4+,performance-meli-30096641,WILLIAM PAULO BORGES GONCALVES
dummy3006502@performance.meli.com,StarmeUpQ4+,performance-meli-30027442,CESAR SANTOS ORIGUELA
dummy3008046@performance.meli.com,StarmeUpQ4+,performance-meli-30048443,IGNACIO ALVES LINHARES
dummy3007901@performance.meli.com,StarmeUpQ4+,performance-meli-30088535,FRANCISCO DE SALA
dummy3008817@performance.meli.com,StarmeUpQ4+,performance-meli-30007174,YANINA KUTASIEVICH
dummy3008217@performance.meli.com,StarmeUpQ4+,performance-meli-30105612,RAMON ROJAS FLOREZ
dummy3005004@performance.meli.com,StarmeUpQ4+,performance-meli-30059491,JONATHAN ALVAREZ
dummy3005576@performance.meli.com,StarmeUpQ4+,performance-meli-30037620,SANTIAGO JOAQUIN RASORE
dummy3005078@performance.meli.com,StarmeUpQ4+,performance-meli-30032000,JUAN MANUEL PALMIERI
dummy3007486@performance.meli.com,StarmeUpQ4+,performance-meli-30057271,MARIA JAQUELINE LEYCEGUI
dummy3005442@performance.meli.com,StarmeUpQ4+,performance-meli-30060677,PAMELA MARTINEZ
dummy3006466@performance.meli.com,StarmeUpQ4+,performance-meli-30005871,NATHALIA STEVANATO JACOB
dummy3008395@performance.meli.com,StarmeUpQ4+,performance-meli-30023500,AGOSTINA FRIED
dummy3006572@performance.meli.com,StarmeUpQ4+,performance-meli-30107165,JUAN IGNACIO GIORDANO ZITTO
dummy3006298@performance.meli.com,StarmeUpQ4+,performance-meli-30042082,ANDY CAMPOS SPERANDIO
dummy3006490@performance.meli.com,StarmeUpQ4+,performance-meli-30036647,PEDRO LEONARDO RAMOS DOS SANTOS
dummy3006475@performance.meli.com,StarmeUpQ4+,performance-meli-30038610,VITORIA RENNER LAGE FERREIRA DA GAMA FILHO
dummy3007216@performance.meli.com,StarmeUpQ4+,performance-meli-30100982,LUCAS DE MILANO FRIEDMANN
dummy3006460@performance.meli.com,StarmeUpQ4+,performance-meli-30090610,JUAN FELIPE DOS SANTOS IZIDIO MEIRA
dummy3006535@performance.meli.com,StarmeUpQ4+,performance-meli-30030466,VITOR HUGO SALIM CHALUPPE SOARES
dummy3006315@performance.meli.com,StarmeUpQ4+,performance-meli-30096719,RAQUEL LUIZA GONCALVES DA SILVA MARTINS
dummy3006646@performance.meli.com,StarmeUpQ4+,performance-meli-30104131,JAZMIN LUCERO ALVES DOS SANTOS OLIVEIRA
dummy3006405@performance.meli.com,StarmeUpQ4+,performance-meli-30077486,DANIEL RIBEIRO RODRIGUES
dummy3006462@performance.meli.com,StarmeUpQ4+,performance-meli-30047397,GABRIEL VIDAL TROIANO
dummy3005194@performance.meli.com,StarmeUpQ4+,performance-meli-30044835,MATIAS BENAVENTE VALLEJOS
dummy3006456@performance.meli.com,StarmeUpQ4+,performance-meli-30039331,RAQUEL LOPEZ LINARES
dummy3006447@performance.meli.com,StarmeUpQ4+,performance-meli-30111245,RENATO SIVELLI TANCREDI
dummy3007509@performance.meli.com,StarmeUpQ4+,performance-meli-30090475,SANTIAGO MARTIN BONILLA
dummy3007979@performance.meli.com,StarmeUpQ4+,performance-meli-30103030,MICAELA BELEN MARTINI SACCHI
dummy3008453@performance.meli.com,StarmeUpQ4+,performance-meli-30010425,DONIZETI STROBINO
dummy3006434@performance.meli.com,StarmeUpQ4+,performance-meli-30029050,VALIGIA UBACH SANTANA
dummy3006348@performance.meli.com,StarmeUpQ4+,performance-meli-30010424,EMERSON DE MENDONCA COMAR
dummy3007479@performance.meli.com,StarmeUpQ4+,performance-meli-30072604,NATALIA FLORENCIA ENRIQUEZ
dummy3007431@performance.meli.com,StarmeUpQ4+,performance-meli-30036516,PATRICIO KINBAUM
dummy3007628@performance.meli.com,StarmeUpQ4+,performance-meli-30094294,CATALINA ZAPPULLA
dummy3007542@performance.meli.com,StarmeUpQ4+,performance-meli-30077112,FACUNDO MAC
dummy3009000@performance.meli.com,StarmeUpQ4+,performance-meli-30009769,ANDRES GARCIA VEIGA
dummy3005381@performance.meli.com,StarmeUpQ4+,performance-meli-30001482,JAIR CARRANZA WALTEROS
dummy3005180@performance.meli.com,StarmeUpQ4+,performance-meli-30043502,CAMILA LUCIANA GILLETTE
dummy3008438@performance.meli.com,StarmeUpQ4+,performance-meli-30085387,FEDERICO NICOLAS NISHIHIGAHARA
dummy3005148@performance.meli.com,StarmeUpQ4+,performance-meli-30049964,JUAN PABLO AYERZA
dummy3005262@performance.meli.com,StarmeUpQ4+,performance-meli-30065915,MARIA TERESA HUGHES URRUTICOECHEA
dummy3008075@performance.meli.com,StarmeUpQ4+,performance-meli-30102064,MAERCIO FREITAS MOTA
dummy3007870@performance.meli.com,StarmeUpQ4+,performance-meli-30035663,RODRIGO FEDERICO FRASCARELLI
dummy3007950@performance.meli.com,StarmeUpQ4+,performance-meli-30076184,DANIEL AMARO ANDRADE DE SOUZA
dummy3005459@performance.meli.com,StarmeUpQ4+,performance-meli-30095176,ALEXIS LARA
dummy3007460@performance.meli.com,StarmeUpQ4+,performance-meli-30068250,MIRANDA VICTORIA VIDAL
dummy3007518@performance.meli.com,StarmeUpQ4+,performance-meli-30050959,ALVARO JORDAN BAKOVIC
dummy3007515@performance.meli.com,StarmeUpQ4+,performance-meli-30044829,CECILIA LUCIA LIMA SCARPA
dummy3008694@performance.meli.com,StarmeUpQ4+,performance-meli-30063842,SOFIA RABINOVICH
dummy3008827@performance.meli.com,StarmeUpQ4+,performance-meli-30049614,LILIA ESTHER RUIZ DIAZ
dummy3008376@performance.meli.com,StarmeUpQ4+,performance-meli-30090476,JUAN IGNACIO BALBIANI
dummy3006350@performance.meli.com,StarmeUpQ4+,performance-meli-30050891,GABRIEL RODRIGUES MENDES
dummy3006739@performance.meli.com,StarmeUpQ4+,performance-meli-30038966,JUNIEL LUCAS FERREIRA DEL VECCHIO
dummy3005219@performance.meli.com,StarmeUpQ4+,performance-meli-30044084,SEBASTIAN MOLLER VERDERAU
dummy3006513@performance.meli.com,StarmeUpQ4+,performance-meli-30053643,BRUNA MESQUITA
dummy3007420@performance.meli.com,StarmeUpQ4+,performance-meli-30077964,JOSE RENATO DE JESUS OLIVEIRA
dummy3008910@performance.meli.com,StarmeUpQ4+,performance-meli-30011210,TATIANA PAMELA ROGGIO
dummy3006762@performance.meli.com,StarmeUpQ4+,performance-meli-30045224,ADRIANO LUIZ RODRIGUES DA ROSA DA SILVA
dummy3006787@performance.meli.com,StarmeUpQ4+,performance-meli-30045033,PRISCILLA DE SOUZA
dummy3007889@performance.meli.com,StarmeUpQ4+,performance-meli-30084641,FRANCISCO SOSTO
dummy3008187@performance.meli.com,StarmeUpQ4+,performance-meli-30040956,FEDERICO MARTÍN FAFIAN
dummy3008986@performance.meli.com,StarmeUpQ4+,performance-meli-30037632,ANDRES LEITAO ALVES DE ALMEIDA
dummy3005017@performance.meli.com,StarmeUpQ4+,performance-meli-30111241,AGUSTIN FASSI MAYOLA
dummy3005401@performance.meli.com,StarmeUpQ4+,performance-meli-30068244,SOFIA ISABELLA GUEVARA
dummy3007598@performance.meli.com,StarmeUpQ4+,performance-meli-30048954,MARTIN DE LAS CARRERAS
dummy3007222@performance.meli.com,StarmeUpQ4+,performance-meli-30031956,BRUNA GASPAR DE MELO
dummy3007141@performance.meli.com,StarmeUpQ4+,performance-meli-30049308,RENEE PAVAN MONTEIRO
dummy3007942@performance.meli.com,StarmeUpQ4+,performance-meli-30101670,CAMILA HUGO AYUSSO
dummy3008038@performance.meli.com,StarmeUpQ4+,performance-meli-30008026,PRISCILA BERTI DE CAMPOS GUIDI
dummy3008824@performance.meli.com,StarmeUpQ4+,performance-meli-30051133,MARIA VICTORIA GONZALEZ
dummy3008799@performance.meli.com,StarmeUpQ4+,performance-meli-30025184,LUISA FERNANDA BAZERQUE
dummy3008846@performance.meli.com,StarmeUpQ4+,performance-meli-30048421,MARIA MERCEDES TRUELSEGAARD
dummy3007417@performance.meli.com,StarmeUpQ4+,performance-meli-30018921,JESSICA THOMAZ FONSECA
dummy3008668@performance.meli.com,StarmeUpQ4+,performance-meli-30066269,LUCILA ONGARATO
dummy3005462@performance.meli.com,StarmeUpQ4+,performance-meli-30091781,ALEXIA ARGUELLES
dummy3005425@performance.meli.com,StarmeUpQ4+,performance-meli-30066249,VIVIANA ABAD
dummy3005417@performance.meli.com,StarmeUpQ4+,performance-meli-30084511,MARIA PAOLA ZUÑIGA
dummy3007522@performance.meli.com,StarmeUpQ4+,performance-meli-30057189,VICTOR EDUARDO PALERMO
dummy3006423@performance.meli.com,StarmeUpQ4+,performance-meli-30110179,IVAN LUIZ EDUARDO STIVAL
dummy3008342@performance.meli.com,StarmeUpQ4+,performance-meli-30094542,SABRINA SELENE MATTIA
dummy3008347@performance.meli.com,StarmeUpQ4+,performance-meli-30095574,FEDERICO IGNACIO CADIMA ETEROVIC
dummy3005272@performance.meli.com,StarmeUpQ4+,performance-meli-30034691,LORETO SCHATZ CORREA
dummy3005161@performance.meli.com,StarmeUpQ4+,performance-meli-30031368,FLORENCIA MASTRONARDI
dummy3008702@performance.meli.com,StarmeUpQ4+,performance-meli-30064946,MAXIMO OSVALDO ARANA
dummy3007922@performance.meli.com,StarmeUpQ4+,performance-meli-30038213,MATIAS EXEQUIEL BES
dummy3007893@performance.meli.com,StarmeUpQ4+,performance-meli-30024701,ROMINA JULIETA GARCIA OJEDA
dummy3008443@performance.meli.com,StarmeUpQ4+,performance-meli-30088308,DARIO IGNACIO RIBEIRO RODRIGUES
dummy3008636@performance.meli.com,StarmeUpQ4+,performance-meli-30039554,FERNANDO ANDRES DE SOUZA RIBEIRO
dummy3008685@performance.meli.com,StarmeUpQ4+,performance-meli-30034009,LUCA SANTOS
dummy3005184@performance.meli.com,StarmeUpQ4+,performance-meli-30034869,CAMILA MALO
dummy3005136@performance.meli.com,StarmeUpQ4+,performance-meli-30048192,MARIA LUCILA PALADINO
dummy3005105@performance.meli.com,StarmeUpQ4+,performance-meli-30067742,JAZMIN VILA
dummy3008593@performance.meli.com,StarmeUpQ4+,performance-meli-30074231,AILEN SOFIA MANCUSO
dummy3008632@performance.meli.com,StarmeUpQ4+,performance-meli-70566,VICTORIA AILIN IBANEZ BLANCO
dummy3008581@performance.meli.com,StarmeUpQ4+,performance-meli-30050179,GIULIA OROSTEGUIS MORALES
dummy3005241@performance.meli.com,StarmeUpQ4+,performance-meli-30098121,MATIAS ALBERTO LOPEZ VERGARA
dummy3008595@performance.meli.com,StarmeUpQ4+,performance-meli-30008462,LEONARDO DE SENA LIMA
dummy3008630@performance.meli.com,StarmeUpQ4+,performance-meli-30019961,MARIA FLORENCIA CAROSELLA
dummy3008601@performance.meli.com,StarmeUpQ4+,performance-meli-30028850,CELESTE SAFFORES
dummy3005144@performance.meli.com,StarmeUpQ4+,performance-meli-30072618,ALAN MENDELSOHN
dummy3008447@performance.meli.com,StarmeUpQ4+,performance-meli-30087066,GABRIEL PAULINO DA TOS
dummy3008572@performance.meli.com,StarmeUpQ4+,performance-meli-30015216,IGNACIO MAZZINI
dummy3008482@performance.meli.com,StarmeUpQ4+,performance-meli-30083387,MARIANO RINALDI
dummy3008431@performance.meli.com,StarmeUpQ4+,performance-meli-30086882,RAMIRO TOMAS NOLLI
dummy3007157@performance.meli.com,StarmeUpQ4+,performance-meli-30081663,TOMAS CALABRO
dummy3008404@performance.meli.com,StarmeUpQ4+,performance-meli-30088747,CAROLINA ARRUDA CABRAL
dummy3005234@performance.meli.com,StarmeUpQ4+,performance-meli-30095502,MARIA ALICIA SCHLESINGER GUROVICH
dummy3007722@performance.meli.com,StarmeUpQ4+,performance-meli-30092397,FEDERICO LEAL MOREIRA
dummy3008301@performance.meli.com,StarmeUpQ4+,performance-meli-30098662,ROCIO OVIEDO
dummy3005618@performance.meli.com,StarmeUpQ4+,performance-meli-30076804,MARIANELA GRASSO
dummy3008001@performance.meli.com,StarmeUpQ4+,performance-meli-30096332,SOFIA GEDIGIAN
dummy3005293@performance.meli.com,StarmeUpQ4+,performance-meli-30105778,FACUNDO HERNAN VARGAS LOPEZ
dummy3005275@performance.meli.com,StarmeUpQ4+,performance-meli-30105867,BENJAMIN ANDRES BUNSTER VIAL
dummy3006622@performance.meli.com,StarmeUpQ4+,performance-meli-30105632,VICTORIA GOES DA SILVA
dummy3008175@performance.meli.com,StarmeUpQ4+,performance-meli-30015152,MELINA FERNANDEZ
dummy3005374@performance.meli.com,StarmeUpQ4+,performance-meli-30110060,PEDRO ALONSO ALIAGA PORTALES
dummy3008112@performance.meli.com,StarmeUpQ4+,performance-meli-30033850,BRUNO FERNANDEZ
dummy3008782@performance.meli.com,StarmeUpQ4+,performance-meli-30057093,MARIA JOSEFINA REPETTO
dummy3008724@performance.meli.com,StarmeUpQ4+,performance-meli-30061830,CHIARA DE FEO
dummy3008775@performance.meli.com,StarmeUpQ4+,performance-meli-30057323,KAREN NICOLE CAPATTI CABALLERO
dummy3009128@performance.meli.com,StarmeUpQ4+,performance-meli-3475,PEDRO ESTAY JABBOUR
dummy3008397@performance.meli.com,StarmeUpQ4+,performance-meli-30094078,ANA KARINA ALLENDE
dummy3008161@performance.meli.com,StarmeUpQ4+,performance-meli-30108538,FEDERICO ALBERTO MELARE PIZOL
dummy3008277@performance.meli.com,StarmeUpQ4+,performance-meli-30099504,GUILLERMO HUERGO CORNEJO
dummy3008768@performance.meli.com,StarmeUpQ4+,performance-meli-30058476,AUGUSTO PEDRETTI
dummy3008778@performance.meli.com,StarmeUpQ4+,performance-meli-30055667,CHRISTHIAN JESUS BERTI ULDRY
dummy3008793@performance.meli.com,StarmeUpQ4+,performance-meli-30055468,RODRIGO MARTÍN GIARDINO
dummy3008786@performance.meli.com,StarmeUpQ4+,performance-meli-30023898,EMMA VIANEY VALDERRAMA
dummy3008772@performance.meli.com,StarmeUpQ4+,performance-meli-30058087,CAMILA CHITARRINI
dummy3008656@performance.meli.com,StarmeUpQ4+,performance-meli-30067255,DIEGO CELLO
dummy3008383@performance.meli.com,StarmeUpQ4+,performance-meli-30094373,JULIO CESAR ANZELJC
dummy3008318@performance.meli.com,StarmeUpQ4+,performance-meli-30097527,MARIA FERNANDA MENDIOLA
dummy3008254@performance.meli.com,StarmeUpQ4+,performance-meli-30102160,PEDRO PABLO SANTOS
dummy3008154@performance.meli.com,StarmeUpQ4+,performance-meli-30111681,PAOLA MARIA CESAR LLAQUE GARCIA
dummy3008745@performance.meli.com,StarmeUpQ4+,performance-meli-30035630,VICENTE GUARTECHEA
dummy3008757@performance.meli.com,StarmeUpQ4+,performance-meli-30059937,EZEQUIEL SEBASTIAN ALVAREZ MORALES
dummy3008791@performance.meli.com,StarmeUpQ4+,performance-meli-2826,CAMILA VICTORIA CANABARRO
dummy3008794@performance.meli.com,StarmeUpQ4+,performance-meli-30038948,SOFIA GABRIELA REPETTO
dummy3008609@performance.meli.com,StarmeUpQ4+,performance-meli-30072605,SOFIA BITENCOURT FERREIRA
dummy3008747@performance.meli.com,StarmeUpQ4+,performance-meli-30058466,SOFÍA VALENTINA DE CARVALHO
dummy3008597@performance.meli.com,StarmeUpQ4+,performance-meli-30038631,NICOLAS BARREIRA
dummy3008688@performance.meli.com,StarmeUpQ4+,performance-meli-30025059,LEANDRO NICOLAS GONZALEZ
dummy3008676@performance.meli.com,StarmeUpQ4+,performance-meli-30062362,FACUNDO FEDERICO BREMERMANN
dummy3008754@performance.meli.com,StarmeUpQ4+,performance-meli-30014854,PABLO DALMIRO ANTONOVICH
dummy3008481@performance.meli.com,StarmeUpQ4+,performance-meli-30081615,AGUSTIN EZEQUIEL CAMILO
dummy3008682@performance.meli.com,StarmeUpQ4+,performance-meli-30062672,FEDERICO MASCI
dummy3008359@performance.meli.com,StarmeUpQ4+,performance-meli-30095115,FRANCO RONDON CASTILLO
dummy3008705@performance.meli.com,StarmeUpQ4+,performance-meli-30065936,BELEN CZIKK
dummy3008653@performance.meli.com,StarmeUpQ4+,performance-meli-30015394,FREDERICO EKSTROM SANTIA
dummy3008753@performance.meli.com,StarmeUpQ4+,performance-meli-30059036,RODOLFO LEANDRO ALGARBE
dummy3007173@performance.meli.com,StarmeUpQ4+,performance-meli-30005478,LUIS CARLOS MERCADO
dummy3007189@performance.meli.com,StarmeUpQ4+,performance-meli-30102122,ANGEL MAURO AGUILAR
dummy3007639@performance.meli.com,StarmeUpQ4+,performance-meli-30059917,ARIEL NICOLAS HERMIDA
dummy3007155@performance.meli.com,StarmeUpQ4+,performance-meli-30035632,ANTONELLA CAVIGLIONE FRAGA RUSSO
dummy3007824@performance.meli.com,StarmeUpQ4+,performance-meli-30076796,LEANDRO GUERREIRO
dummy3007825@performance.meli.com,StarmeUpQ4+,performance-meli-30056422,SOLANGE LAILA RECALDE
dummy3007850@performance.meli.com,StarmeUpQ4+,performance-meli-30029185,GUILHERME BOTTA
dummy3007665@performance.meli.com,StarmeUpQ4+,performance-meli-30094098,GABRIEL COZZANI
dummy3007582@performance.meli.com,StarmeUpQ4+,performance-meli-30037807,CAMILA MARIA REAL
dummy3006588@performance.meli.com,StarmeUpQ4+,performance-meli-30067703,CLARA SOFIA LUKASZEWICZ
dummy3007607@performance.meli.com,StarmeUpQ4+,performance-meli-30103147,BENI RODRIGUES DA CUNHA ANDRADE
dummy3006485@performance.meli.com,StarmeUpQ4+,performance-meli-30102994,MARIANA MONTORO VARANDA
dummy3007908@performance.meli.com,StarmeUpQ4+,performance-meli-30035337,LAUTARO MARTIN NICOLETTI ALTIMARI
dummy3005616@performance.meli.com,StarmeUpQ4+,performance-meli-30011303,MANUEL ANDRES SANTANA CARNEIRO
dummy3005491@performance.meli.com,StarmeUpQ4+,performance-meli-30094076,PABLO MACEDO
dummy3005502@performance.meli.com,StarmeUpQ4+,performance-meli-30075343,PAULA JACOME
dummy3005093@performance.meli.com,StarmeUpQ4+,performance-meli-30055432,DAMELIS DEL ROSARIO NARDONE
dummy3005473@performance.meli.com,StarmeUpQ4+,performance-meli-30025456,ANA GABRIELA COLMENARES
dummy3005172@performance.meli.com,StarmeUpQ4+,performance-meli-30025674,BELEN GORRISSEN
dummy3005537@performance.meli.com,StarmeUpQ4+,performance-meli-30065003,CRISTIAN OMAR YOITI TAKEI
dummy3007493@performance.meli.com,StarmeUpQ4+,performance-meli-30054580,NICOLAS RAMOS HERNANDEZ
dummy3007993@performance.meli.com,StarmeUpQ4+,performance-meli-30099137,AGUSTIN MOBBILI
dummy3005611@performance.meli.com,StarmeUpQ4+,performance-meli-30049496,MARCELO VILLALBA
dummy3007474@performance.meli.com,StarmeUpQ4+,performance-meli-30024688,FERNANDA ISABEL VENTURINO
dummy3005266@performance.meli.com,StarmeUpQ4+,performance-meli-30083038,JOSE TOMAS IBIETA SEPULVEDA
dummy3005479@performance.meli.com,StarmeUpQ4+,performance-meli-30094255,MARCELA CORTES
dummy3006386@performance.meli.com,StarmeUpQ4+,performance-meli-30165925,ARAGUAIA REIS
dummy3005762@performance.meli.com,StarmeUpQ4+,performance-meli-30055422,VLADEMIR DE OLIVEIRA
dummy3006908@performance.meli.com,StarmeUpQ4+,performance-meli-30092909,OSANA CRISTINA PEREIRA DOS SANTOS
dummy3006398@performance.meli.com,StarmeUpQ4+,performance-meli-30066885,MURILO CRISTINA PEREIRA LIMA DE PAIVA
dummy3007339@performance.meli.com,StarmeUpQ4+,performance-meli-30054155,PEDRO ALMAZAN
dummy3007303@performance.meli.com,StarmeUpQ4+,performance-meli-30063792,FERNANDO CASTRO
dummy3007269@performance.meli.com,StarmeUpQ4+,performance-meli-30087022,MIGUEL ANGEL DIAZ
dummy3007357@performance.meli.com,StarmeUpQ4+,performance-meli-30084434,JONATHAN EMMANUEL MARISCAL
dummy3007193@performance.meli.com,StarmeUpQ4+,performance-meli-30089140,EDUARDO CAMARGO
dummy3005882@performance.meli.com,StarmeUpQ4+,performance-meli-30091687,RONALDO DONIZETTI MALUF SAYEG
dummy3005932@performance.meli.com,StarmeUpQ4+,performance-meli-30066157,ANDERSON DE MARIA SILVA
dummy3007093@performance.meli.com,StarmeUpQ4+,performance-meli-30055275,TARCISIO CLAUDIA PINHEIRO RAMOS
dummy3005973@performance.meli.com,StarmeUpQ4+,performance-meli-30089012,ANDREA FERREIRA
dummy3006934@performance.meli.com,StarmeUpQ4+,performance-meli-30217867,MARCIA DINIZ FERNANDES
dummy3005889@performance.meli.com,StarmeUpQ4+,performance-meli-30055262,EMANUELA HENRIQUE SCARAMELO CUPERTINO
dummy3006106@performance.meli.com,StarmeUpQ4+,performance-meli-30068728,SILVIA GOMES DA COSTA
dummy3006750@performance.meli.com,StarmeUpQ4+,performance-meli-30165922,RICARDO LUIZ DOS SANTOS LIMA
dummy3005842@performance.meli.com,StarmeUpQ4+,performance-meli-30055372,FABIANA CARLA BRITO
dummy3006091@performance.meli.com,StarmeUpQ4+,performance-meli-30055409,GILMAR RODRIGUES BICALHO
dummy3005666@performance.meli.com,StarmeUpQ4+,performance-meli-30083055,LEANDRO DE OLIVEIRA SILVA
dummy3006235@performance.meli.com,StarmeUpQ4+,performance-meli-30217866,WYNDERSON DA SILVA SANTOS
dummy3005827@performance.meli.com,StarmeUpQ4+,performance-meli-30061856,GUILHERME CARVALHO DE ALMEIDA
dummy3006690@performance.meli.com,StarmeUpQ4+,performance-meli-30099165,ANDERSON JUNIOR DE ARAUJO BOTELHO MOREIRA
dummy3005850@performance.meli.com,StarmeUpQ4+,performance-meli-30066418,MURILO AUGUSTO DE SOUSA E SILVA
dummy3006093@performance.meli.com,StarmeUpQ4+,performance-meli-30212802,KAREN MOURA DE AGUIAR
dummy3006153@performance.meli.com,StarmeUpQ4+,performance-meli-30100180,RAFAEL FEIJO
dummy3005711@performance.meli.com,StarmeUpQ4+,performance-meli-30227190,CAMILLE APARECIDA RIBAS BAPTISTELLA
dummy3005680@performance.meli.com,StarmeUpQ4+,performance-meli-30068654,FELIPE BALESTRE
dummy3006992@performance.meli.com,StarmeUpQ4+,performance-meli-30055398,JORGEANE LIVIA COSTA MAGNO NOGUEIRA
dummy3006177@performance.meli.com,StarmeUpQ4+,performance-meli-30198367,LUANA OLIVEIRA E SILVA
dummy3006125@performance.meli.com,StarmeUpQ4+,performance-meli-30055359,BRUNA DE ALMEIDA ASSUNCAO MARCONDES
dummy3005723@performance.meli.com,StarmeUpQ4+,performance-meli-30070888,ALEXANDRA DA SILVA JUNIOR
dummy3006729@performance.meli.com,StarmeUpQ4+,performance-meli-30246326,GABRIEL COUTO DE SOUZA
dummy3005062@performance.meli.com,StarmeUpQ4+,performance-meli-30055536,CAMILA BASSO
dummy3007194@performance.meli.com,StarmeUpQ4+,performance-meli-30058420,ERNESTO SAN EMETERIO
dummy3007206@performance.meli.com,StarmeUpQ4+,performance-meli-30056622,ERICK OSWALDO NIETO
dummy3007201@performance.meli.com,StarmeUpQ4+,performance-meli-30064514,CLAUDIA GIANNONI
dummy3007169@performance.meli.com,StarmeUpQ4+,performance-meli-30065997,EDGAR ALEJANDRO CHAVEZ
dummy3007231@performance.meli.com,StarmeUpQ4+,performance-meli-30062455,LUCAS KEARNEY
dummy3007865@performance.meli.com,StarmeUpQ4+,performance-meli-30037565,JOSE GONZALEZ TOIMIL
dummy3008098@performance.meli.com,StarmeUpQ4+,performance-meli-30056481,MICAELA PESSOA DE MELO
dummy3007929@performance.meli.com,StarmeUpQ4+,performance-meli-30062313,ROMINA CEJAS
dummy3007919@performance.meli.com,StarmeUpQ4+,performance-meli-30083884,IGNACIO MANGIANTE
dummy3007842@performance.meli.com,StarmeUpQ4+,performance-meli-30062305,MARINA BEATRIZ RUSTON
dummy3007671@performance.meli.com,StarmeUpQ4+,performance-meli-30062855,KLAUS HORST WERNER MEDINA
dummy3005077@performance.meli.com,StarmeUpQ4+,performance-meli-30064616,RODRIGO MARIA VALANSI
dummy3006558@performance.meli.com,StarmeUpQ4+,performance-meli-30038175,JOAQUIN ISASMENDI ESCUDERO
dummy3007435@performance.meli.com,StarmeUpQ4+,performance-meli-30069143,GINA SANTIN
dummy3005594@performance.meli.com,StarmeUpQ4+,performance-meli-30062512,CAROLINA NISENBON
dummy3007838@performance.meli.com,StarmeUpQ4+,performance-meli-30066721,BARBARA NOELIA ROZENBAUM
dummy3007695@performance.meli.com,StarmeUpQ4+,performance-meli-30068646,GIOVANA DEL PIETRO FILHO
dummy3007707@performance.meli.com,StarmeUpQ4+,performance-meli-30079819,LUIS FELIPE SURIS
dummy3007836@performance.meli.com,StarmeUpQ4+,performance-meli-30103870,RICARDO AUGUSTO LA SCALEIA
dummy3007678@performance.meli.com,StarmeUpQ4+,performance-meli-30020455,FACUNDO TEO DE PAULA PESSOA QUEIROZ CELESTINO
dummy3007682@performance.meli.com,StarmeUpQ4+,performance-meli-30091531,MARIA CLARA PERROTTA
dummy3007690@performance.meli.com,StarmeUpQ4+,performance-meli-30098711,JULIAN SGRILLETTI
dummy3007657@performance.meli.com,StarmeUpQ4+,performance-meli-30065647,ELISA CAICEDO CONTRERAS
dummy3007654@performance.meli.com,StarmeUpQ4+,performance-meli-30075382,DANIEL JESUS ZYLBERSZTEJN
dummy3007570@performance.meli.com,StarmeUpQ4+,performance-meli-30066194,MARIA JOSE TOBAR
dummy3007586@performance.meli.com,StarmeUpQ4+,performance-meli-30066798,SEBASTIAN ROMERO
dummy3007572@performance.meli.com,StarmeUpQ4+,performance-meli-30066392,LIA ANAHI BERGMANN LUPIFIERIS
dummy3005753@performance.meli.com,StarmeUpQ4+,performance-meli-30066139,JOAO SERAFIM PEREIRA
dummy3006822@performance.meli.com,StarmeUpQ4+,performance-meli-30038216,ANTONIO BASILIO DE ABREU
dummy3005677@performance.meli.com,StarmeUpQ4+,performance-meli-30026302,EVERTON PEREIRA FERREIRA CHARPINEL
dummy3005812@performance.meli.com,StarmeUpQ4+,performance-meli-30028746,LUCAS OCTAVIO ANTUNES PAIVA
dummy3006831@performance.meli.com,StarmeUpQ4+,performance-meli-30065602,CASSIANO ROMAIS KANZLER
dummy3005774@performance.meli.com,StarmeUpQ4+,performance-meli-30065649,PATRICIA PORTO BITTENCOURT
dummy3006016@performance.meli.com,StarmeUpQ4+,performance-meli-30205108,DANILO DE COME
dummy3006844@performance.meli.com,StarmeUpQ4+,performance-meli-30065851,FRANCIELI CARDOSO DA SILVA
dummy3005652@performance.meli.com,StarmeUpQ4+,performance-meli-30092903,LUCIANO RAFAEL FERNANDES DA SILVA
dummy3006748@performance.meli.com,StarmeUpQ4+,performance-meli-30097454,LUIZ KLOEPPEL
dummy3006000@performance.meli.com,StarmeUpQ4+,performance-meli-30065600,ERONALDO BOLZAN
dummy3006146@performance.meli.com,StarmeUpQ4+,performance-meli-30099134,PATRYCK SOUZA DOS SANTOS
dummy3005705@performance.meli.com,StarmeUpQ4+,performance-meli-30065693,FREDERICO PIMENTEL CASTELLINI SANTOS
dummy3006786@performance.meli.com,StarmeUpQ4+,performance-meli-30097349,VALMIR RODRIGO ANDRE BENTO
dummy3006968@performance.meli.com,StarmeUpQ4+,performance-meli-30102899,FERNANDA DO SOCORRO CARDOSO LOBATO
dummy3005894@performance.meli.com,StarmeUpQ4+,performance-meli-30093585,FABIO PINTO PEREIRA
dummy3006133@performance.meli.com,StarmeUpQ4+,performance-meli-30088336,ALINE CESAR SOARES DA SILVA
dummy3006984@performance.meli.com,StarmeUpQ4+,performance-meli-30097962,RICARDO NEVES MAIA
dummy3005732@performance.meli.com,StarmeUpQ4+,performance-meli-30065774,PRISCILLA MARQUES DE LIMA
dummy3005918@performance.meli.com,StarmeUpQ4+,performance-meli-30077467,MICHELE CRISTINA GOMES DE SOUSA
dummy3005953@performance.meli.com,StarmeUpQ4+,performance-meli-30065686,PAULA FRANCISCANI AZZI
dummy3005985@performance.meli.com,StarmeUpQ4+,performance-meli-30089522,MARCUS RAMOS PRATA
dummy3006232@performance.meli.com,StarmeUpQ4+,performance-meli-30227188,GISELE DA SILVA SOUSA
dummy3006027@performance.meli.com,StarmeUpQ4+,performance-meli-30065641,DAVID DIAS DE FREITAS
dummy3006883@performance.meli.com,StarmeUpQ4+,performance-meli-30090890,ANNY FELIPE LESSA GUEDES
dummy3006181@performance.meli.com,StarmeUpQ4+,performance-meli-30246343,VIVIAN LOPES DE ALMEIDA
dummy3006873@performance.meli.com,StarmeUpQ4+,performance-meli-30093558,THAMYRIS FERREIRA DE SOUZA
dummy3006862@performance.meli.com,StarmeUpQ4+,performance-meli-30243806,DANIEL LAUTENSCHLAGER PRZEBEOWICZ
dummy3007343@performance.meli.com,StarmeUpQ4+,performance-meli-30104256,KARINA SAYURI SORIANO
dummy3007316@performance.meli.com,StarmeUpQ4+,performance-meli-30063790,ERIKA GERMAINE SAAVEDRA
dummy3007285@performance.meli.com,StarmeUpQ4+,performance-meli-30065866,CLAUDIA IVETE BAUTISTA
dummy3007327@performance.meli.com,StarmeUpQ4+,performance-meli-30066045,AGUSTIN MALFEITO
dummy3007367@performance.meli.com,StarmeUpQ4+,performance-meli-30104177,JUAN FERNANDO HOSHIKO
dummy3007445@performance.meli.com,StarmeUpQ4+,performance-meli-30075009,MARTINA BELEN ROSINEIDE DA SILVA
dummy3005013@performance.meli.com,StarmeUpQ4+,performance-meli-30039162,FRANCISCO RIZZUTI SCONZA
dummy3005210@performance.meli.com,StarmeUpQ4+,performance-meli-30066380,MARIA ISABEL ALARCON VARELA
dummy3005128@performance.meli.com,StarmeUpQ4+,performance-meli-30039238,JOAQUIN RAMOGNINO
dummy3005133@performance.meli.com,StarmeUpQ4+,performance-meli-30098268,ESTEBAN OSCAR BUDINO
dummy3005033@performance.meli.com,StarmeUpQ4+,performance-meli-30068183,VICTORIA REBUSSONE
dummy3006366@performance.meli.com,StarmeUpQ4+,performance-meli-30073371,YURI COBO
dummy3006409@performance.meli.com,StarmeUpQ4+,performance-meli-30099028,LIZIE MENDONCA SANTOS
dummy3006416@performance.meli.com,StarmeUpQ4+,performance-meli-30074414,PRISCILA DA SILVA BARROS
dummy3007310@performance.meli.com,StarmeUpQ4+,performance-meli-30068764,VIVIANA BERBER
dummy3007277@performance.meli.com,StarmeUpQ4+,performance-meli-30106040,PAULINA YERALDIN MICHEL
dummy3008585@performance.meli.com,StarmeUpQ4+,performance-meli-30076321,LEONARDO SERVENTE
dummy3008320@performance.meli.com,StarmeUpQ4+,performance-meli-30098252,CHRISTIAN ALBERTO OCHOA TRUJILLO
dummy3008117@performance.meli.com,StarmeUpQ4+,performance-meli-30013502,HELOISA RUIZ ARREGUI
dummy3008616@performance.meli.com,StarmeUpQ4+,performance-meli-30073403,LUCIANA VILLASANTI SANCHEZ
dummy3008567@performance.meli.com,StarmeUpQ4+,performance-meli-30041483,LETICIA VALLE TORRAS
dummy3007882@performance.meli.com,StarmeUpQ4+,performance-meli-30074295,PEDRO IVAN DEL CASTILLO
dummy3008607@performance.meli.com,StarmeUpQ4+,performance-meli-30073341,NICOLAS JAVIER BARRETO
dummy3007835@performance.meli.com,StarmeUpQ4+,performance-meli-30039157,MARIANA SOL IDONE
dummy3007839@performance.meli.com,StarmeUpQ4+,performance-meli-30076161,LUCIA GABRIELA MOREY
dummy3007680@performance.meli.com,StarmeUpQ4+,performance-meli-30074406,JULIETA SOL AKI ISHII
dummy3007815@performance.meli.com,StarmeUpQ4+,performance-meli-30041656,MATHEUS EDUARDO COFFY PREVEDELLO
dummy3007669@performance.meli.com,StarmeUpQ4+,performance-meli-30076717,FEDERICO ALFREDO GUILLERMO CULICI
dummy3007211@performance.meli.com,StarmeUpQ4+,performance-meli-30075784,NICOLAS ZBINDEN
dummy3008025@performance.meli.com,StarmeUpQ4+,performance-meli-30086117,ALEJANDRO NOLAZCO
dummy3007203@performance.meli.com,StarmeUpQ4+,performance-meli-30106817,JAIME ALEJANDRO MURILLO
dummy3007191@performance.meli.com,StarmeUpQ4+,performance-meli-30027266,PAULA GONZALEZ
dummy3007852@performance.meli.com,StarmeUpQ4+,performance-meli-30083470,MICAELA MARIA RICHETTI
dummy3007393@performance.meli.com,StarmeUpQ4+,performance-meli-30029359,PATRICIA AUGSBURGER
dummy3007165@performance.meli.com,StarmeUpQ4+,performance-meli-30083392,LOURDES URANGA RODRIGUEZ VAZQUEZ
dummy3007177@performance.meli.com,StarmeUpQ4+,performance-meli-30088549,GABRIELA CORTES
dummy3007699@performance.meli.com,StarmeUpQ4+,performance-meli-30091511,CARLA TATIANA SOUTO
dummy3007564@performance.meli.com,StarmeUpQ4+,performance-meli-30094069,GASTON RIOS
dummy3007881@performance.meli.com,StarmeUpQ4+,performance-meli-30109205,FEDERICO JOSE QUEIMALINOS
dummy3007585@performance.meli.com,StarmeUpQ4+,performance-meli-30091870,ALMA DELIA DE BATTISTA
dummy3007879@performance.meli.com,StarmeUpQ4+,performance-meli-30080192,RENATA MANCUSO QUINTANA
dummy3007933@performance.meli.com,StarmeUpQ4+,performance-meli-30052079,BENJAMIN GEYER
dummy3007241@performance.meli.com,StarmeUpQ4+,performance-meli-30041659,TATIANA CALVO
dummy3005510@performance.meli.com,StarmeUpQ4+,performance-meli-30022153,PABLO SEMPRUN
dummy3005486@performance.meli.com,StarmeUpQ4+,performance-meli-30102883,KAREN SOFIA LOPEZ-OROZCO
dummy3005177@performance.meli.com,StarmeUpQ4+,performance-meli-30097393,MARÍA BELÉN SARTHOU
dummy3006543@performance.meli.com,StarmeUpQ4+,performance-meli-30092894,FABIANA DANTAS BARRETO
dummy3006582@performance.meli.com,StarmeUpQ4+,performance-meli-30088506,ANALIA MARIA YVORRA
dummy3007472@performance.meli.com,StarmeUpQ4+,performance-meli-30084202,JERONIMO KLAPPENBACH
dummy3007621@performance.meli.com,StarmeUpQ4+,performance-meli-30077103,ANDREA SOLEDAD HERNANDEZ TIRABOSCHI
dummy3007239@performance.meli.com,StarmeUpQ4+,performance-meli-30100384,MATIAS GALARETTO
dummy3005517@performance.meli.com,StarmeUpQ4+,performance-meli-30087578,JULIO CESAR LOPEZ
dummy3007503@performance.meli.com,StarmeUpQ4+,performance-meli-30022141,ANTONELA TORGA MOREIRA CARNEIRO
dummy3005520@performance.meli.com,StarmeUpQ4+,performance-meli-30089355,FRIDA SOFIA OLAC
dummy3007465@performance.meli.com,StarmeUpQ4+,performance-meli-30083804,MARIANA CARVAJAL
dummy3008505@performance.meli.com,StarmeUpQ4+,performance-meli-30081595,CANDELA CHAVEZ
dummy3008596@performance.meli.com,StarmeUpQ4+,performance-meli-2618,MAURO NAVAJAS
dummy3008511@performance.meli.com,StarmeUpQ4+,performance-meli-30015840,NICOLAS ARIEL CORIASCO
dummy3006793@performance.meli.com,StarmeUpQ4+,performance-meli-30097379,JIMMY CHRISTIAN AGUIAR FERREIRA
dummy3006852@performance.meli.com,StarmeUpQ4+,performance-meli-30076452,PATRICIA NASCIMENTO RIBEIRO
dummy3006978@performance.meli.com,StarmeUpQ4+,performance-meli-30076457,CARLOS DA SILVA TEIXEIRA BASTOS
dummy3006956@performance.meli.com,StarmeUpQ4+,performance-meli-30076474,IARA CAROLINA LEME GONCALVES
dummy3006079@performance.meli.com,StarmeUpQ4+,performance-meli-30097936,CARLA FERNANDO TROVAO PEIXOTO
dummy3006671@performance.meli.com,StarmeUpQ4+,performance-meli-30097374,CAIO RIBEIRO BARBOSA
dummy3006656@performance.meli.com,StarmeUpQ4+,performance-meli-30217864,LEONARDO CASTELLI CALVENTO
dummy3006242@performance.meli.com,StarmeUpQ4+,performance-meli-30246329,GISLENE LUIS MARQUES CAETANO
dummy3007097@performance.meli.com,StarmeUpQ4+,performance-meli-30099621,PAULIANO CAMILA ALVES DE OLIVEIRA
dummy3006807@performance.meli.com,StarmeUpQ4+,performance-meli-30075079,FERNANDO ANDRE REZER
dummy3005946@performance.meli.com,StarmeUpQ4+,performance-meli-30099608,THIAGO DE ARAUJO BERTOLA
dummy3007070@performance.meli.com,StarmeUpQ4+,performance-meli-30099619,ANDRE LUIZ DA SILVA FERREIRA
dummy3006666@performance.meli.com,StarmeUpQ4+,performance-meli-30099603,KARLA ARAUJO FERREIRA
dummy3005962@performance.meli.com,StarmeUpQ4+,performance-meli-30097469,LAURIANNE CHRISTINA CRISTINA DO NASCIMENTO
dummy3007010@performance.meli.com,StarmeUpQ4+,performance-meli-30045214,MAURICIO RAMPAZO MARCONATTO
dummy3006441@performance.meli.com,StarmeUpQ4+,performance-meli-30077185,VITOR TIZZIANI DE ANDRADE
dummy3006563@performance.meli.com,StarmeUpQ4+,performance-meli-30075272,SALVADOR LUCAS FEENEY
dummy3008183@performance.meli.com,StarmeUpQ4+,performance-meli-30007358,VANESA ALEJANDRA GARCIA
dummy3008322@performance.meli.com,StarmeUpQ4+,performance-meli-30097497,PRISCILA CAVALLIN
dummy3008459@performance.meli.com,StarmeUpQ4+,performance-meli-30084614,DEBORA TOZZI
dummy3008600@performance.meli.com,StarmeUpQ4+,performance-meli-30015677,JOAO PAULO CORREA
dummy3008535@performance.meli.com,StarmeUpQ4+,performance-meli-30023117,DIEGO ABAD
dummy3008507@performance.meli.com,StarmeUpQ4+,performance-meli-30045028,PAULA MARIA BUENO
dummy3008549@performance.meli.com,StarmeUpQ4+,performance-meli-30017618,MATIAS GUGLIOTTA
dummy3008566@performance.meli.com,StarmeUpQ4+,performance-meli-30029308,FABIO RODRIGO PAIVA DE AZEVEDO
dummy3009189@performance.meli.com,StarmeUpQ4+,performance-meli-3096,VALENTINA SYLVIA NORDENFLYCHT LUBBERT
dummy3008304@performance.meli.com,StarmeUpQ4+,performance-meli-30097570,MACARENA COPPA
dummy3008582@performance.meli.com,StarmeUpQ4+,performance-meli-30009586,FEDERICO LAGORIO
dummy3008542@performance.meli.com,StarmeUpQ4+,performance-meli-30023085,GONZALO FREITAS BESERRA
dummy3008280@performance.meli.com,StarmeUpQ4+,performance-meli-30098162,SEBASTIAN SEGURA GONZALEZ
dummy3008466@performance.meli.com,StarmeUpQ4+,performance-meli-30083869,TOMAS VIDAL DE CASTRO FERREIRA
dummy3008875@performance.meli.com,StarmeUpQ4+,performance-meli-30009395,THAIS BERMUDEZ
dummy3007862@performance.meli.com,StarmeUpQ4+,performance-meli-30077905,FEDERICO LIAUDAT
dummy3007860@performance.meli.com,StarmeUpQ4+,performance-meli-30104124,NICOLÁS SEBASTIÁN EDUARDO PENTEADO ZAGO
dummy3008984@performance.meli.com,StarmeUpQ4+,performance-meli-30036085,ANA JOSEFA IEZZI MORENO
dummy3008344@performance.meli.com,StarmeUpQ4+,performance-meli-30014311,DANIELA FLORES
dummy3008330@performance.meli.com,StarmeUpQ4+,performance-meli-30037647,ESTEBAN WOSNER
dummy3007263@performance.meli.com,StarmeUpQ4+,performance-meli-30054157,SAMANTHA LUNA
dummy3005871@performance.meli.com,StarmeUpQ4+,performance-meli-30214119,ALEXANDRE PATRIARCHI JUNIOR
dummy3005785@performance.meli.com,StarmeUpQ4+,performance-meli-30079377,FABIO JONAS DE MACEDO NEVES
dummy3005992@performance.meli.com,StarmeUpQ4+,performance-meli-30097965,ALANA FELIX DOS SANTOS LEAO
dummy3006389@performance.meli.com,StarmeUpQ4+,performance-meli-30007255,RITA DE CASSIA MACHADO FERNANDES
dummy3005367@performance.meli.com,StarmeUpQ4+,performance-meli-30090909,JUAN LEITES RIOS
dummy3005226@performance.meli.com,StarmeUpQ4+,performance-meli-30033918,ARTURO VILLEGAS CUMSILLE
dummy3006702@performance.meli.com,StarmeUpQ4+,performance-meli-30133686,JOICE COSTA OLIVEIRA
dummy3005692@performance.meli.com,StarmeUpQ4+,performance-meli-30109548,LIDIANE DA SILVA XAVIER
dummy3007030@performance.meli.com,StarmeUpQ4+,performance-meli-30230284,JOSE SIQUEIRA DE ARAUJO
dummy3005430@performance.meli.com,StarmeUpQ4+,performance-meli-30095668,FERNANDO RAMOS
dummy3005429@performance.meli.com,StarmeUpQ4+,performance-meli-30110499,DANIELA QUIJANO
dummy3005514@performance.meli.com,StarmeUpQ4+,performance-meli-30092758,CESAR ROBERTO CENTENO
dummy3007184@performance.meli.com,StarmeUpQ4+,performance-meli-30032998,ANDRES OCHOA
dummy3005404@performance.meli.com,StarmeUpQ4+,performance-meli-30097531,ARMANDO AVILA
dummy3008331@performance.meli.com,StarmeUpQ4+,performance-meli-30026609,MARIA TERESA ALBINATI
dummy3008302@performance.meli.com,StarmeUpQ4+,performance-meli-30018636,CARLOS GERMAN DE BARBA
dummy3006710@performance.meli.com,StarmeUpQ4+,performance-meli-30105582,DAIEGO RAFAEL SIDNEY OLIVEIRA FURTADO
dummy3006724@performance.meli.com,StarmeUpQ4+,performance-meli-30092916,EMERSON MENDES
dummy3006055@performance.meli.com,StarmeUpQ4+,performance-meli-30093144,RODRIGO FREIRE MACHADO
dummy3007131@performance.meli.com,StarmeUpQ4+,performance-meli-30093499,THIAGO RODRIGUES NOGUEIRA
dummy3006033@performance.meli.com,StarmeUpQ4+,performance-meli-30093502,LAIS BONA
dummy3005854@performance.meli.com,StarmeUpQ4+,performance-meli-30093458,MARCO DIEGO FRANCO MARCHI
dummy3006074@performance.meli.com,StarmeUpQ4+,performance-meli-30093466,KELLY CRISTINA FERREIRA FIGUEIREDO
dummy3006044@performance.meli.com,StarmeUpQ4+,performance-meli-30091691,FREDERICO FAGUNDES PORTO
dummy3006212@performance.meli.com,StarmeUpQ4+,performance-meli-30097350,JULIO MIRANDA CORREIA
dummy3006194@performance.meli.com,StarmeUpQ4+,performance-meli-30243809,LUCAS RAMAI PRATTI ALVES
dummy3005500@performance.meli.com,StarmeUpQ4+,performance-meli-30105871,RAMIRO LUIS SERRANO
dummy3006568@performance.meli.com,StarmeUpQ4+,performance-meli-30097067,EDUARDO FRANCISCO GOMEZ MORETTO
dummy3009086@performance.meli.com,StarmeUpQ4+,performance-meli-30022177,MARIA AZUL VALLE YBAÑEZ
dummy3007046@performance.meli.com,StarmeUpQ4+,performance-meli-30095694,THYAGO COMIN
dummy3006774@performance.meli.com,StarmeUpQ4+,performance-meli-30096643,PRISCILA SCHELLES LOPES DE ALMEIDA
dummy3006336@performance.meli.com,StarmeUpQ4+,performance-meli-30101689,LEONARDO CODAZZI CORREA DE MENDONCA
dummy3005330@performance.meli.com,StarmeUpQ4+,performance-meli-30096368,FELIPE IGNACIO YAÑEZ DONOSO
dummy3005321@performance.meli.com,StarmeUpQ4+,performance-meli-30097112,CLAUDIO ANTONIO SOLER GUERRERO
dummy3005329@performance.meli.com,StarmeUpQ4+,performance-meli-30097089,OSVALDO ANDRES RIO QUINTERO
dummy3005297@performance.meli.com,StarmeUpQ4+,performance-meli-30096373,MANUEL SEBASTIAN DE SOUSA CARDIM PAGANI TOSCANO
dummy3005286@performance.meli.com,StarmeUpQ4+,performance-meli-30103123,CRISTIAN ANDRES LAGOS SALGADO
dummy3005252@performance.meli.com,StarmeUpQ4+,performance-meli-30102060,DARIO MAXIMILIANO ROJO VALDIVIA
dummy3005255@performance.meli.com,StarmeUpQ4+,performance-meli-30100437,CAROLINA SILVA SCHACHT
dummy3008108@performance.meli.com,StarmeUpQ4+,performance-meli-30003028,JANINE RAMIREZ
dummy3008261@performance.meli.com,StarmeUpQ4+,performance-meli-30102452,JOSE BOGGIANO
dummy3007812@performance.meli.com,StarmeUpQ4+,performance-meli-30028723,MATIAS PETEK
dummy3008203@performance.meli.com,StarmeUpQ4+,performance-meli-30104407,PAULA ALEJANDRA GURRUCHAGA
dummy3008124@performance.meli.com,StarmeUpQ4+,performance-meli-30112244,ADRIANO LOUREIRO
dummy3008236@performance.meli.com,StarmeUpQ4+,performance-meli-30105660,LUISA FERNANDA JIMENEZ
dummy3008166@performance.meli.com,StarmeUpQ4+,performance-meli-30111263,CAMILA ROBERTSON
dummy3009172@performance.meli.com,StarmeUpQ4+,performance-meli-12196,ELIANE VERGES SANTIAGO
dummy3008226@performance.meli.com,StarmeUpQ4+,performance-meli-30051061,FRANCISCO MELAZZI
dummy3008191@performance.meli.com,StarmeUpQ4+,performance-meli-30105332,EZEQUIEL ANDRES CHEIDA WANDERLEY
dummy3008199@performance.meli.com,StarmeUpQ4+,performance-meli-30105811,MARIA VALENTINA DA SILVA PUJOL
dummy3008259@performance.meli.com,StarmeUpQ4+,performance-meli-30043507,DAIANA PEREIRA
dummy3005189@performance.meli.com,StarmeUpQ4+,performance-meli-30105604,ARTURO JARA CHAVARRIA
dummy3005511@performance.meli.com,StarmeUpQ4+,performance-meli-30054069,JONATAN IVAN HERRERA
dummy3005407@performance.meli.com,StarmeUpQ4+,performance-meli-30108136,JORGE ENRIQUE ROSSI
dummy3007160@performance.meli.com,StarmeUpQ4+,performance-meli-30007353,BRENDA CAVAGNA
dummy3007154@performance.meli.com,StarmeUpQ4+,performance-meli-30017296,BARBARA BRANDI
dummy3007187@performance.meli.com,StarmeUpQ4+,performance-meli-30111755,SANDRA AYDEE AGUILAR
dummy3005542@performance.meli.com,StarmeUpQ4+,performance-meli-30106827,YASMIN QUINTANILHA MACHADO
dummy3007502@performance.meli.com,StarmeUpQ4+,performance-meli-30105292,ISABELA DE CARVALHO
dummy3005572@performance.meli.com,StarmeUpQ4+,performance-meli-30111212,PILAR OVEJERO
dummy3006608@performance.meli.com,StarmeUpQ4+,performance-meli-30108518,PILAR MADE LAHITTE
dummy3007630@performance.meli.com,StarmeUpQ4+,performance-meli-30112116,LUCIA RODRIGUEZ
dummy3007911@performance.meli.com,StarmeUpQ4+,performance-meli-30018525,MARIA DEL ROSARIO ALVES MARINHO
dummy3008102@performance.meli.com,StarmeUpQ4+,performance-meli-30111268,LILIA ALVAREZ
dummy3007237@performance.meli.com,StarmeUpQ4+,performance-meli-30103214,VICTORIA SANDOVAL
dummy3007475@performance.meli.com,StarmeUpQ4+,performance-meli-30079724,JOSE MARIA BURNES
dummy3007855@performance.meli.com,StarmeUpQ4+,performance-meli-30109224,JAVIER ANDRES MERLI
dummy3007562@performance.meli.com,StarmeUpQ4+,performance-meli-30009415,MAGDALENA GUIÑAZU
dummy3008122@performance.meli.com,StarmeUpQ4+,performance-meli-30112187,MARCOS CIANFLONE
dummy3006429@performance.meli.com,StarmeUpQ4+,performance-meli-30103210,AMANDA GOMES DE ALMEIDA SANTANA
dummy3005085@performance.meli.com,StarmeUpQ4+,performance-meli-30103192,SANTIAGO EUGENIO STARIHA
dummy3005006@performance.meli.com,StarmeUpQ4+,performance-meli-30024411,MANUEL YBALO
dummy3005495@performance.meli.com,StarmeUpQ4+,performance-meli-30106620,MIGUEL ANGEL NETTEL
dummy3006892@performance.meli.com,StarmeUpQ4+,performance-meli-30207737,VICTOR FIGUEIRA CARDOSO
dummy3006721@performance.meli.com,StarmeUpQ4+,performance-meli-30207752,FRANCISCO ROBERT FONSECA ALMOFREY FERNANDEZ
dummy3007136@performance.meli.com,StarmeUpQ4+,performance-meli-30207703,LUANDA HOYOS GAVIRIA
dummy3007050@performance.meli.com,StarmeUpQ4+,performance-meli-30207704,BARBARA PEREIRA DE MORAES
dummy3007081@performance.meli.com,StarmeUpQ4+,performance-meli-30207705,ULISSES LEMES DA SILVA
dummy3006651@performance.meli.com,StarmeUpQ4+,performance-meli-30212813,JULIANA DE ANDRADE SARMENTO TAVARES
dummy3006067@performance.meli.com,StarmeUpQ4+,performance-meli-30207595,ALINE MENDES CAMPOS
dummy3006200@performance.meli.com,StarmeUpQ4+,performance-meli-30104415,ANTONIO LOBO QUININ
dummy3006218@performance.meli.com,StarmeUpQ4+,performance-meli-30207626,PEDRO BATISTA DO NASCIMENTO
dummy3005745@performance.meli.com,StarmeUpQ4+,performance-meli-30218148,IGOR ALEXANDRE GOMES DE ASSIS
dummy3006254@performance.meli.com,StarmeUpQ4+,performance-meli-30207630,FABIO JOSE LUIS DE AGUIAR RIBEIRO
dummy3006096@performance.meli.com,StarmeUpQ4+,performance-meli-30207633,DANIELE SANTOS ESTEVES
dummy3006117@performance.meli.com,StarmeUpQ4+,performance-meli-30207602,GERALDO ANTONIO PRIMON DE BARROS
dummy3006237@performance.meli.com,StarmeUpQ4+,performance-meli-30213857,NICOLE FABRI
dummy3008133@performance.meli.com,StarmeUpQ4+,performance-meli-30112204,MARIA VICTORIA CABRERA
dummy3008142@performance.meli.com,StarmeUpQ4+,performance-meli-30112097,IZABELLE CAROLINE ROMERO
dummy3008131@performance.meli.com,StarmeUpQ4+,performance-meli-30111734,WELLINGTON CUESTA
dummy3008123@performance.meli.com,StarmeUpQ4+,performance-meli-30245666,DANIELLE HARA
dummy3008137@performance.meli.com,StarmeUpQ4+,performance-meli-30109487,FIORELLA GALLICCHIO
dummy3008244@performance.meli.com,StarmeUpQ4+,performance-meli-30076777,GUILHERME EDGAR
dummy3005444@performance.meli.com,StarmeUpQ4+,performance-meli-30113294,MARIA FERNANDA GUEVARA
dummy3005436@performance.meli.com,StarmeUpQ4+,performance-meli-30113419,ANDRES GARCIA
dummy3005904@performance.meli.com,StarmeUpQ4+,performance-meli-30236756,GISELI GARBO PICAZZIO
dummy3006262@performance.meli.com,StarmeUpQ4+,performance-meli-30236760,LUCAS CRISTINA PORTEIRO
dummy3006269@performance.meli.com,StarmeUpQ4+,performance-meli-30246322,BRUNO MALACARNE
dummy3007121@performance.meli.com,StarmeUpQ4+,performance-meli-30112039,CRISTIANE DA SILVA SOUZA
dummy3006450@performance.meli.com,StarmeUpQ4+,performance-meli-30017363,CESAR DE CASSIA ANDRADE
dummy3006530@performance.meli.com,StarmeUpQ4+,performance-meli-30046094,FELIPE FARIA SILVA DOS SANTOS
dummy3006333@performance.meli.com,StarmeUpQ4+,performance-meli-30007472,ANA CAROLINA CAVALCANTE DA COSTA
dummy3008415@performance.meli.com,StarmeUpQ4+,performance-meli-30045398,MARIANA FLORENCIA MARIA D MACEDO SIMOES
dummy3006627@performance.meli.com,StarmeUpQ4+,performance-meli-30005704,JESICA BEJAR
dummy3006544@performance.meli.com,StarmeUpQ4+,performance-meli-30034008,BRUNO VIOLA CORONEL
dummy3006546@performance.meli.com,StarmeUpQ4+,performance-meli-30068267,GUSTAVO MARQUES BARBOSA
dummy3006295@performance.meli.com,StarmeUpQ4+,performance-meli-30000363,TIAGO TADEU BALDI FALOPA
dummy3008354@performance.meli.com,StarmeUpQ4+,performance-meli-30041136,JUAN IGNACIO GALLO
dummy3008730@performance.meli.com,StarmeUpQ4+,performance-meli-70430,LUCIMAR DEL CARMEN HERRERA
dummy3007524@performance.meli.com,StarmeUpQ4+,performance-meli-30025457,JULIAN MATIAS ARRUDA PEREIRA
dummy3007751@performance.meli.com,StarmeUpQ4+,performance-meli-12011,ADRIANNYK NAZARETH VILLANUEVA
dummy3008430@performance.meli.com,StarmeUpQ4+,performance-meli-30087119,SARA DANIELA TORRE
dummy3005362@performance.meli.com,StarmeUpQ4+,performance-meli-30097033,AGUSTINA BARRABINO
dummy3005541@performance.meli.com,StarmeUpQ4+,performance-meli-70893,JUAN PABLO GONZALEZ
dummy3005630@performance.meli.com,StarmeUpQ4+,performance-meli-30008150,JOSE MARÍA BALDAUF
dummy3006387@performance.meli.com,StarmeUpQ4+,performance-meli-30010250,ROGGER HARARI
dummy3007229@performance.meli.com,StarmeUpQ4+,performance-meli-30002498,YASMIN MELUZZI DOS REIS
dummy3006648@performance.meli.com,StarmeUpQ4+,performance-meli-30017727,JOAO FILONONES TEIXEIRA
dummy3008298@performance.meli.com,StarmeUpQ4+,performance-meli-30005404,CAMILA ODONE
dummy3008414@performance.meli.com,StarmeUpQ4+,performance-meli-30088564,SOFIA ORTIZ
dummy3006497@performance.meli.com,StarmeUpQ4+,performance-meli-30110177,MARIA HENRIQUE MARTINS TOSTES MOREIRA
dummy3006329@performance.meli.com,StarmeUpQ4+,performance-meli-30062759,DAFERSON RODRIGO MARCHESI CHIOCCHETTI
dummy3006454@performance.meli.com,StarmeUpQ4+,performance-meli-30093038,VINICIUS GUIMARAES DE OLIVEIRA MOURAO
dummy3006284@performance.meli.com,StarmeUpQ4+,performance-meli-30051683,CAROLINA BEZERRA FARAGO
dummy3007900@performance.meli.com,StarmeUpQ4+,performance-meli-30095114,MATIAS MELENDEZ
dummy3007645@performance.meli.com,StarmeUpQ4+,performance-meli-30112208,FLORENCIA TATTOLI
dummy3007224@performance.meli.com,StarmeUpQ4+,performance-meli-30066886,TAYNAH RIBEIRO TORRES
dummy3007596@performance.meli.com,StarmeUpQ4+,performance-meli-30051257,FELIPP SAAD HEINEN
dummy3007644@performance.meli.com,StarmeUpQ4+,performance-meli-30086156,SOFÍA MARÍA TABBIA
dummy3007624@performance.meli.com,StarmeUpQ4+,performance-meli-30002704,TOMAS AGUSTIN SIOLI
dummy3006609@performance.meli.com,StarmeUpQ4+,performance-meli-30111250,DANIELA GONZALEZ
dummy3006289@performance.meli.com,StarmeUpQ4+,performance-meli-30089919,CLEITON TIAGO CREMASCO OSTETTO OLIVEIRA
dummy3007602@performance.meli.com,StarmeUpQ4+,performance-meli-30012207,HENRIQUE ELOI GERALDO
dummy3007423@performance.meli.com,StarmeUpQ4+,performance-meli-30051517,THIAGO SANCHEZ
dummy3005622@performance.meli.com,StarmeUpQ4+,performance-meli-30024094,RAISA DAVANCO
dummy3005111@performance.meli.com,StarmeUpQ4+,performance-meli-30081638,MARTINA RIART
dummy3005162@performance.meli.com,StarmeUpQ4+,performance-meli-30011133,FELISA ZIEHER
dummy3005166@performance.meli.com,StarmeUpQ4+,performance-meli-30104099,FRANCISCO GUILLERMO EIDELSZTEIN
dummy3005116@performance.meli.com,StarmeUpQ4+,performance-meli-30099559,EUGENIA LAWSON
dummy3007404@performance.meli.com,StarmeUpQ4+,performance-meli-30016152,JEFFERSON CURTULO
dummy3007777@performance.meli.com,StarmeUpQ4+,performance-meli-30025016,SANTIAGO CASTRO SILVA
dummy3008639@performance.meli.com,StarmeUpQ4+,performance-meli-30010395,CLAUDIO LUCIANO RAMOS
dummy3009010@performance.meli.com,StarmeUpQ4+,performance-meli-30033182,INGRID KOHAN
dummy3008153@performance.meli.com,StarmeUpQ4+,performance-meli-30017609,FELIPE CARRERAS
dummy3005380@performance.meli.com,StarmeUpQ4+,performance-meli-30085121,DANIEL SEBASTIAN MARTIN
dummy3007491@performance.meli.com,StarmeUpQ4+,performance-meli-30021423,ADRIANA BELEN DONOSO GASMAN
dummy3005586@performance.meli.com,StarmeUpQ4+,performance-meli-30031160,DAMIAN MARCO LEONI OLIVERA
dummy3008097@performance.meli.com,StarmeUpQ4+,performance-meli-2824,DAVID GABRIEL ISA BONGANHI FEFERMAN
dummy3007780@performance.meli.com,StarmeUpQ4+,performance-meli-30034029,FILIPE LUCAS OLIVEIRA MOTTA
dummy3007225@performance.meli.com,StarmeUpQ4+,performance-meli-30037498,PABLO DE SANTANA MIRANDA SILVA
dummy3007495@performance.meli.com,StarmeUpQ4+,performance-meli-30045812,JORGE EDUARDO BORGES JUNQUEIRA
dummy3005603@performance.meli.com,StarmeUpQ4+,performance-meli-30092739,VANESA GALMARINI
dummy3005271@performance.meli.com,StarmeUpQ4+,performance-meli-30083495,MATIAS CRISTIAN FERNANDEZ GARRIDO
dummy3005126@performance.meli.com,StarmeUpQ4+,performance-meli-30001290,SANTINO BARRY
dummy3008456@performance.meli.com,StarmeUpQ4+,performance-meli-30088694,LUDMILA YASMIN CORTESE CAGLIARI
dummy3009003@performance.meli.com,StarmeUpQ4+,performance-meli-30034464,AGUSTINA MIGUENS
dummy3009030@performance.meli.com,StarmeUpQ4+,performance-meli-30031851,ANDRES PRIMO
dummy3008812@performance.meli.com,StarmeUpQ4+,performance-meli-30049635,MARIA JOSE CLAVERO
dummy3008281@performance.meli.com,StarmeUpQ4+,performance-meli-30099544,YAMILA NOELIA DE JESUS
dummy3006561@performance.meli.com,StarmeUpQ4+,performance-meli-30004801,MARIA LAURA COMPIANO RIELO
dummy3008512@performance.meli.com,StarmeUpQ4+,performance-meli-30014710,EZIRIO BENTO PARDO PEEDE
dummy3008212@performance.meli.com,StarmeUpQ4+,performance-meli-30104926,WESLEY ESQUIVEL
dummy3008539@performance.meli.com,StarmeUpQ4+,performance-meli-30023416,FERNANDO HENRIQUE LARREA
dummy3008149@performance.meli.com,StarmeUpQ4+,performance-meli-30048719,LUCAS ALONSO
dummy3008487@performance.meli.com,StarmeUpQ4+,performance-meli-30083474,SAMUEL CINTO
dummy3008422@performance.meli.com,StarmeUpQ4+,performance-meli-30093029,THIAGO CATTANEO
dummy3008708@performance.meli.com,StarmeUpQ4+,performance-meli-30039355,JUAN JEREMIAS MARTINEZ
dummy3008401@performance.meli.com,StarmeUpQ4+,performance-meli-30015428,JUAN ANDRES VUGDELIJA
dummy3009072@performance.meli.com,StarmeUpQ4+,performance-meli-30023374,LUCAS FEDERICO VACCA
dummy3008774@performance.meli.com,StarmeUpQ4+,performance-meli-3107,CLEMENTE VAZQUEZ
dummy3009020@performance.meli.com,StarmeUpQ4+,performance-meli-30031806,MARIA FLORENCIA BELLINO
dummy3008489@performance.meli.com,StarmeUpQ4+,performance-meli-30030166,XIMENA RODRIGUES SILVA
dummy3009032@performance.meli.com,StarmeUpQ4+,performance-meli-30030112,BENJAMIN FERREIRA
dummy3007736@performance.meli.com,StarmeUpQ4+,performance-meli-30230288,GONZALO HACHELIAS
dummy3009023@performance.meli.com,StarmeUpQ4+,performance-meli-30031741,MARIANA BRINGAS
dummy3007726@performance.meli.com,StarmeUpQ4+,performance-meli-30105569,ISABELA CRISTINA ALTAVA
dummy3005387@performance.meli.com,StarmeUpQ4+,performance-meli-30102057,NICOLAS FELIPE TOSCHI
dummy3007199@performance.meli.com,StarmeUpQ4+,performance-meli-30010577,PAOLA SCHOCHER
dummy3005443@performance.meli.com,StarmeUpQ4+,performance-meli-30018738,MIRIAM SAMANTHA CABRERA
dummy3007378@performance.meli.com,StarmeUpQ4+,performance-meli-30022112,JOSE MANUEL MORALES
dummy3005469@performance.meli.com,StarmeUpQ4+,performance-meli-30029404,EMILIA CABALLERO
dummy3005487@performance.meli.com,StarmeUpQ4+,performance-meli-30042154,GABRIELA MARQUEZ
dummy3008591@performance.meli.com,StarmeUpQ4+,performance-meli-30027689,LUCAS GABRIEL MARTINEZ VARGAS
dummy3008452@performance.meli.com,StarmeUpQ4+,performance-meli-30022917,MATHEUS GALUGA
dummy3008995@performance.meli.com,StarmeUpQ4+,performance-meli-30011915,MILAGROS CHARNEY SANTOS SILVA
dummy3008218@performance.meli.com,StarmeUpQ4+,performance-meli-30100425,PATRICIA ANDREU
dummy3008174@performance.meli.com,StarmeUpQ4+,performance-meli-30108533,DANIELA DIEGO FARIA
dummy3006457@performance.meli.com,StarmeUpQ4+,performance-meli-30041311,RICARDO CRISTINE DA SILVA DONCILIO
dummy3005596@performance.meli.com,StarmeUpQ4+,performance-meli-30041662,VALENTINA ORLANDO
dummy3005281@performance.meli.com,StarmeUpQ4+,performance-meli-30070895,EMILIA LORENA GONZALEZ OSSA
dummy3005402@performance.meli.com,StarmeUpQ4+,performance-meli-30083342,MELISSA STEFANY GARCIA
dummy3005187@performance.meli.com,StarmeUpQ4+,performance-meli-30060557,PILAR GALLO
dummy3009091@performance.meli.com,StarmeUpQ4+,performance-meli-3444,JUAN IGNACIO MARÍA GORDICZ
dummy3008333@performance.meli.com,StarmeUpQ4+,performance-meli-30095713,LUCIANA JAQUE KADIS
dummy3009194@performance.meli.com,StarmeUpQ4+,performance-meli-30000742,JOHANNA NATALIA MELO DE FREITAS
dummy3008857@performance.meli.com,StarmeUpQ4+,performance-meli-30015658,JUAN PABLO RUSSO
dummy3008841@performance.meli.com,StarmeUpQ4+,performance-meli-30049368,NICOLAS OBERTI
dummy3008637@performance.meli.com,StarmeUpQ4+,performance-meli-30023486,FEDERICO GORIN
dummy3008810@performance.meli.com,StarmeUpQ4+,performance-meli-30050445,ROCÍO RUIZ MANNI
dummy3008888@performance.meli.com,StarmeUpQ4+,performance-meli-30044054,MICAELA ARIAS
dummy3008684@performance.meli.com,StarmeUpQ4+,performance-meli-30062464,GUSTAVO ARIOLI ESPINO
dummy3008903@performance.meli.com,StarmeUpQ4+,performance-meli-30043232,MILAGROS GARMENDIA
dummy3005097@performance.meli.com,StarmeUpQ4+,performance-meli-30010137,ANALIA INES PARIZZIA
dummy3005109@performance.meli.com,StarmeUpQ4+,performance-meli-30067704,EZEQUIEL PAZO
dummy3009113@performance.meli.com,StarmeUpQ4+,performance-meli-30101144,LUIS HENRIQUE OHOLEGUY
dummy3005197@performance.meli.com,StarmeUpQ4+,performance-meli-30098036,FELIPE ANTONIO FRENCIA LAGOS
dummy3008802@performance.meli.com,StarmeUpQ4+,performance-meli-30098070,HENRIQUE CONCHA MATELUNA
dummy3006737@performance.meli.com,StarmeUpQ4+,performance-meli-30198383,JOAO BARBOSA DELIA