Email,Password,Identification
dummy3009171@performance.meli.com,StarmeUpQ4+,performance-meli-65
dummy3009133@performance.meli.com,StarmeUpQ4+,performance-meli-30013313
dummy3007253@performance.meli.com,StarmeUpQ4+,performance-meli-30036676
dummy3005126@performance.meli.com,StarmeUpQ4+,performance-meli-30001290
dummy3005001@performance.meli.com,StarmeUpQ4+,performance-meli-2659
dummy3007762@performance.meli.com,StarmeUpQ4+,performance-meli-30002566
dummy3009131@performance.meli.com,StarmeUpQ4+,performance-meli-30014313
dummy3008023@performance.meli.com,StarmeUpQ4+,performance-meli-2385
dummy3007946@performance.meli.com,StarmeUpQ4+,performance-meli-30008455
dummy3007823@performance.meli.com,StarmeUpQ4+,performance-meli-30038721
dummy3005630@performance.meli.com,StarmeUpQ4+,performance-meli-30008150
dummy3008781@performance.meli.com,StarmeUpQ4+,performance-meli-30009120
dummy3009095@performance.meli.com,StarmeUpQ4+,performance-meli-30020558
dummy3009116@performance.meli.com,StarmeUpQ4+,performance-meli-30018382
dummy3006528@performance.meli.com,StarmeUpQ4+,performance-meli-30025411
dummy3006428@performance.meli.com,StarmeUpQ4+,performance-meli-11680
dummy3006498@performance.meli.com,StarmeUpQ4+,performance-meli-30091174
dummy3008991@performance.meli.com,StarmeUpQ4+,performance-meli-30018874
dummy3008472@performance.meli.com,StarmeUpQ4+,performance-meli-30081649
dummy3009109@performance.meli.com,StarmeUpQ4+,performance-meli-30002782
dummy3007422@performance.meli.com,StarmeUpQ4+,performance-meli-30030827
dummy3008626@performance.meli.com,StarmeUpQ4+,performance-meli-30069334
dummy3007729@performance.meli.com,StarmeUpQ4+,performance-meli-30027148
dummy3007987@performance.meli.com,StarmeUpQ4+,performance-meli-30018478
dummy3008339@performance.meli.com,StarmeUpQ4+,performance-meli-30058323
dummy3008800@performance.meli.com,StarmeUpQ4+,performance-meli-30051412
dummy3008932@performance.meli.com,StarmeUpQ4+,performance-meli-30042062
dummy3008003@performance.meli.com,StarmeUpQ4+,performance-meli-30017580
dummy3005357@performance.meli.com,StarmeUpQ4+,performance-meli-30027839
dummy3009188@performance.meli.com,StarmeUpQ4+,performance-meli-30001930
dummy3007740@performance.meli.com,StarmeUpQ4+,performance-meli-30016693
dummy3006613@performance.meli.com,StarmeUpQ4+,performance-meli-30001585
dummy3009144@performance.meli.com,StarmeUpQ4+,performance-meli-30011322
dummy3005220@performance.meli.com,StarmeUpQ4+,performance-meli-30020131
dummy3007258@performance.meli.com,StarmeUpQ4+,performance-meli-30038042
dummy3007827@performance.meli.com,StarmeUpQ4+,performance-meli-30016584
dummy3005555@performance.meli.com,StarmeUpQ4+,performance-meli-30036600
dummy3008070@performance.meli.com,StarmeUpQ4+,performance-meli-2794
dummy3009095@performance.meli.com,StarmeUpQ4+,performance-meli-30020558
dummy3008781@performance.meli.com,StarmeUpQ4+,performance-meli-30009120
dummy3009116@performance.meli.com,StarmeUpQ4+,performance-meli-30018382
dummy3008918@performance.meli.com,StarmeUpQ4+,performance-meli-36
dummy3007945@performance.meli.com,StarmeUpQ4+,performance-meli-30023510
dummy3009091@performance.meli.com,StarmeUpQ4+,performance-meli-3444
dummy3007857@performance.meli.com,StarmeUpQ4+,performance-meli-2301
dummy3007152@performance.meli.com,StarmeUpQ4+,performance-meli-30024190
dummy3007609@performance.meli.com,StarmeUpQ4+,performance-meli-30072622
dummy3009189@performance.meli.com,StarmeUpQ4+,performance-meli-3096
dummy3006438@performance.meli.com,StarmeUpQ4+,performance-meli-11872
dummy3007411@performance.meli.com,StarmeUpQ4+,performance-meli-30013093
dummy3007995@performance.meli.com,StarmeUpQ4+,performance-meli-30000548
dummy3007957@performance.meli.com,StarmeUpQ4+,performance-meli-30032440